cat_src;item_src;category;token_name;fungible;burnable;transferable;max_supply
minecraft;acacia_boat;minecraft;acacia.boat;true;true;true;999999999999
minecraft;acacia_button;minecraft;acacia.butto;true;true;true;999999999999
minecraft;acacia_door;minecraft;acacia.door;true;true;true;999999999999
minecraft;acacia_fence_gate;minecraft;acacia.fen.g;true;true;true;999999999999
minecraft;acacia_fence;minecraft;acacia.fence;true;true;true;999999999999
minecraft;acacia_leaves;minecraft;acacia.leave;true;true;true;999999999999
minecraft;acacia_log;minecraft;acacia.log;true;true;true;999999999999
minecraft;acacia_planks;minecraft;acacia.plank;true;true;true;999999999999
minecraft;acacia_pressure_plate;minecraft;acacia.pre.p;true;true;true;999999999999
minecraft;acacia_sapling;minecraft;acacia.sapli;true;true;true;999999999999
minecraft;acacia_sign;minecraft;acacia.sign;true;true;true;999999999999
minecraft;acacia_slab;minecraft;acacia.slab;true;true;true;999999999999
minecraft;acacia_stairs;minecraft;acacia.stair;true;true;true;999999999999
minecraft;acacia_trapdoor;minecraft;acacia.trapd;true;true;true;999999999999
minecraft;acacia_wood;minecraft;acacia.wood;true;true;true;999999999999
minecraft;activator_rail;minecraft;activator.ra;true;true;true;999999999999
minecraft;air;minecraft;air;true;true;true;999999999999
minecraft;allium;minecraft;allium;true;true;true;999999999999
minecraft;andesite;minecraft;andesite;true;true;true;999999999999
minecraft;andesite_slab;minecraft;andesite.sla;true;true;true;999999999999
minecraft;andesite_stairs;minecraft;andesite.sta;true;true;true;999999999999
minecraft;andesite_wall;minecraft;andesite.wal;true;true;true;999999999999
minecraft;anvil;minecraft;anvil;true;true;true;999999999999
minecraft;apple;minecraft;apple;true;true;true;999999999999
minecraft;armor_stand;minecraft;armor.stand;true;true;true;999999999999
minecraft;arrow;minecraft;arrow;true;true;true;999999999999
minecraft;azure_bluet;minecraft;azure.bluet;true;true;true;999999999999
minecraft;baked_potato;minecraft;baked.potato;true;true;true;999999999999
minecraft;bamboo;minecraft;bamboo;true;true;true;999999999999
minecraft;barrel;minecraft;barrel;true;true;true;999999999999
minecraft;barrier;minecraft;barrier;true;true;true;999999999999
minecraft;bat_spawn_egg;minecraft;bat.spa.egg;true;true;true;999999999999
minecraft;beacon;minecraft;beacon;true;true;true;999999999999
minecraft;bedrock;minecraft;bedrock;true;true;true;999999999999
minecraft;beef;minecraft;beef;true;true;true;999999999999
minecraft;beetroot;minecraft;beetroot;true;true;true;999999999999
minecraft;beetroot_seeds;minecraft;beetroot.see;true;true;true;999999999999
minecraft;beetroot_soup;minecraft;beetroot.sou;true;true;true;999999999999
minecraft;bell;minecraft;bell;true;true;true;999999999999
minecraft;birch_boat;minecraft;birch.boat;true;true;true;999999999999
minecraft;birch_button;minecraft;birch.button;true;true;true;999999999999
minecraft;birch_door;minecraft;birch.door;true;true;true;999999999999
minecraft;birch_fence_gate;minecraft;birch.fen.ga;true;true;true;999999999999
minecraft;birch_fence;minecraft;birch.fence;true;true;true;999999999999
minecraft;birch_leaves;minecraft;birch.leaves;true;true;true;999999999999
minecraft;birch_log;minecraft;birch.log;true;true;true;999999999999
minecraft;birch_planks;minecraft;birch.planks;true;true;true;999999999999
minecraft;birch_pressure_plate;minecraft;birch.pre.pl;true;true;true;999999999999
minecraft;birch_sapling;minecraft;birch.saplin;true;true;true;999999999999
minecraft;birch_sign;minecraft;birch.sign;true;true;true;999999999999
minecraft;birch_slab;minecraft;birch.slab;true;true;true;999999999999
minecraft;birch_stairs;minecraft;birch.stairs;true;true;true;999999999999
minecraft;birch_trapdoor;minecraft;birch.trapdo;true;true;true;999999999999
minecraft;birch_wood;minecraft;birch.wood;true;true;true;999999999999
minecraft;black_banner;minecraft;black.banner;true;true;true;999999999999
minecraft;black_bed;minecraft;black.bed;true;true;true;999999999999
minecraft;black_carpet;minecraft;black.carpet;true;true;true;999999999999
minecraft;black_concrete_powder;minecraft;black.con.po;true;true;true;999999999999
minecraft;black_concrete;minecraft;black.concre;true;true;true;999999999999
minecraft;black_dye;minecraft;black.dye;true;true;true;999999999999
minecraft;black_glazed_terracotta;minecraft;black.gla.te;true;true;true;999999999999
minecraft;black_shulker_box;minecraft;black.shu.bo;true;true;true;999999999999
minecraft;black_stained_glass;minecraft;black.sta.gl;true;true;true;999999999999
minecraft;black_stained_glass_pane;minecraft;black.sta.g1;true;true;true;999999999999
minecraft;black_terracotta;minecraft;black.terrac;true;true;true;999999999999
minecraft;black_wool;minecraft;black.wool;true;true;true;999999999999
minecraft;blast_furnace;minecraft;blast.furnac;true;true;true;999999999999
minecraft;blaze_powder;minecraft;blaze.powder;true;true;true;999999999999
minecraft;blaze_rod;minecraft;blaze.rod;true;true;true;999999999999
minecraft;blaze_spawn_egg;minecraft;blaze.spa.eg;true;true;true;999999999999
minecraft;blue_banner;minecraft;blue.banner;true;true;true;999999999999
minecraft;blue_bed;minecraft;blue.bed;true;true;true;999999999999
minecraft;blue_carpet;minecraft;blue.carpet;true;true;true;999999999999
minecraft;blue_concrete_powder;minecraft;blue.con.pow;true;true;true;999999999999
minecraft;blue_concrete;minecraft;blue.concret;true;true;true;999999999999
minecraft;blue_dye;minecraft;blue.dye;true;true;true;999999999999
minecraft;blue_glazed_terracotta;minecraft;blue.gla.ter;true;true;true;999999999999
minecraft;blue_ice;minecraft;blue.ice;true;true;true;999999999999
minecraft;blue_orchid;minecraft;blue.orchid;true;true;true;999999999999
minecraft;blue_shulker_box;minecraft;blue.shu.box;true;true;true;999999999999
minecraft;blue_stained_glass;minecraft;blue.sta.gla;true;true;true;999999999999
minecraft;blue_stained_glass_pane;minecraft;blue.sta.gl1;true;true;true;999999999999
minecraft;blue_terracotta;minecraft;blue.terraco;true;true;true;999999999999
minecraft;blue_wool;minecraft;blue.wool;true;true;true;999999999999
minecraft;bone;minecraft;bone;true;true;true;999999999999
minecraft;bone_block;minecraft;bone.block;true;true;true;999999999999
minecraft;bone_meal;minecraft;bone.meal;true;true;true;999999999999
minecraft;book;minecraft;book;true;true;true;999999999999
minecraft;bookshelf;minecraft;bookshelf;true;true;true;999999999999
minecraft;bow;minecraft;bow;true;true;true;999999999999
minecraft;bowl;minecraft;bowl;true;true;true;999999999999
minecraft;brain_coral_block;minecraft;brain.cor.bl;true;true;true;999999999999
minecraft;brain_coral_fan;minecraft;brain.cor.fa;true;true;true;999999999999
minecraft;brain_coral;minecraft;brain.coral;true;true;true;999999999999
minecraft;bread;minecraft;bread;true;true;true;999999999999
minecraft;brewing_stand;minecraft;brewing.stan;true;true;true;999999999999
minecraft;brick;minecraft;brick;true;true;true;999999999999
minecraft;brick_slab;minecraft;brick.slab;true;true;true;999999999999
minecraft;brick_stairs;minecraft;brick.stairs;true;true;true;999999999999
minecraft;brick_wall;minecraft;brick.wall;true;true;true;999999999999
minecraft;bricks;minecraft;bricks;true;true;true;999999999999
minecraft;brown_banner;minecraft;brown.banner;true;true;true;999999999999
minecraft;brown_bed;minecraft;brown.bed;true;true;true;999999999999
minecraft;brown_carpet;minecraft;brown.carpet;true;true;true;999999999999
minecraft;brown_concrete_powder;minecraft;brown.con.po;true;true;true;999999999999
minecraft;brown_concrete;minecraft;brown.concre;true;true;true;999999999999
minecraft;brown_dye;minecraft;brown.dye;true;true;true;999999999999
minecraft;brown_glazed_terracotta;minecraft;brown.gla.te;true;true;true;999999999999
minecraft;brown_mushroom_block;minecraft;brown.mus.bl;true;true;true;999999999999
minecraft;brown_mushroom;minecraft;brown.mushro;true;true;true;999999999999
minecraft;brown_shulker_box;minecraft;brown.shu.bo;true;true;true;999999999999
minecraft;brown_stained_glass;minecraft;brown.sta.gl;true;true;true;999999999999
minecraft;brown_stained_glass_pane;minecraft;brown.sta.g1;true;true;true;999999999999
minecraft;brown_terracotta;minecraft;brown.terrac;true;true;true;999999999999
minecraft;brown_wool;minecraft;brown.wool;true;true;true;999999999999
minecraft;bubble_coral_block;minecraft;bubble.cor.b;true;true;true;999999999999
minecraft;bubble_coral_fan;minecraft;bubble.cor.f;true;true;true;999999999999
minecraft;bubble_coral;minecraft;bubble.coral;true;true;true;999999999999
minecraft;bucket;minecraft;bucket;true;true;true;999999999999
minecraft;cactus;minecraft;cactus;true;true;true;999999999999
minecraft;cake;minecraft;cake;true;true;true;999999999999
minecraft;campfire;minecraft;campfire;true;true;true;999999999999
minecraft;carrot;minecraft;carrot;true;true;true;999999999999
minecraft;carrot_on_a_stick;minecraft;carrot.on.as;true;true;true;999999999999
minecraft;cartography_table;minecraft;cartographyt;true;true;true;999999999999
minecraft;carved_pumpkin;minecraft;carved.pumpk;true;true;true;999999999999
minecraft;cat_spawn_egg;minecraft;cat.spa.egg;true;true;true;999999999999
minecraft;cauldron;minecraft;cauldron;true;true;true;999999999999
minecraft;cave_spider_spawn_egg;minecraft;cave.spi.spa;true;true;true;999999999999
minecraft;chain_command_block;minecraft;chain.com.bl;true;true;true;999999999999
minecraft;chainmail_boots;minecraft;chainmail.bo;true;true;true;999999999999
minecraft;chainmail_chestplate;minecraft;chainmail.ch;true;true;true;999999999999
minecraft;chainmail_helmet;minecraft;chainmail.he;true;true;true;999999999999
minecraft;chainmail_leggings;minecraft;chainmail.le;true;true;true;999999999999
minecraft;charcoal;minecraft;charcoal;true;true;true;999999999999
minecraft;chest;minecraft;chest;true;true;true;999999999999
minecraft;chest_minecart;minecraft;chest.mineca;true;true;true;999999999999
minecraft;chicken;minecraft;chicken;true;true;true;999999999999
minecraft;chicken_spawn_egg;minecraft;chicken.spae;true;true;true;999999999999
minecraft;chipped_anvil;minecraft;chipped.anvi;true;true;true;999999999999
minecraft;chiseled_quartz_block;minecraft;chiseled.qua;true;true;true;999999999999
minecraft;chiseled_red_sandstone;minecraft;chiseled.red;true;true;true;999999999999
minecraft;chiseled_sandstone;minecraft;chiseled.san;true;true;true;999999999999
minecraft;chiseled_stone_bricks;minecraft;chiseled.sto;true;true;true;999999999999
minecraft;chorus_flower;minecraft;chorus.flowe;true;true;true;999999999999
minecraft;chorus_fruit;minecraft;chorus.fruit;true;true;true;999999999999
minecraft;chorus_plant;minecraft;chorus.plant;true;true;true;999999999999
minecraft;clay;minecraft;clay;true;true;true;999999999999
minecraft;clay_ball;minecraft;clay.ball;true;true;true;999999999999
minecraft;clock;minecraft;clock;true;true;true;999999999999
minecraft;coal;minecraft;coal;true;true;true;999999999999
minecraft;coal_block;minecraft;coal.block;true;true;true;999999999999
minecraft;coal_ore;minecraft;coal.ore;true;true;true;999999999999
minecraft;coarse_dirt;minecraft;coarse.dirt;true;true;true;999999999999
minecraft;cobblestone;minecraft;cobblestone;true;true;true;999999999999
minecraft;cobblestone_slab;minecraft;cobblestones;true;true;true;999999999999
minecraft;cobblestone_stairs;minecraft;cobblestone1;true;true;true;999999999999
minecraft;cobblestone_wall;minecraft;cobblestonew;true;true;true;999999999999
minecraft;cobweb;minecraft;cobweb;true;true;true;999999999999
minecraft;cocoa_beans;minecraft;cocoa.beans;true;true;true;999999999999
minecraft;cod;minecraft;cod;true;true;true;999999999999
minecraft;cod_bucket;minecraft;cod.bucket;true;true;true;999999999999
minecraft;cod_spawn_egg;minecraft;cod.spa.egg;true;true;true;999999999999
minecraft;command_block;minecraft;command.bloc;true;true;true;999999999999
minecraft;command_block_minecart;minecraft;command.blom;true;true;true;999999999999
minecraft;comparator;minecraft;comparator;true;true;true;999999999999
minecraft;compass;minecraft;compass;true;true;true;999999999999
minecraft;composter;minecraft;composter;true;true;true;999999999999
minecraft;conduit;minecraft;conduit;true;true;true;999999999999
minecraft;cooked_beef;minecraft;cooked.beef;true;true;true;999999999999
minecraft;cooked_chicken;minecraft;cooked.chick;true;true;true;999999999999
minecraft;cooked_cod;minecraft;cooked.cod;true;true;true;999999999999
minecraft;cooked_mutton;minecraft;cooked.mutto;true;true;true;999999999999
minecraft;cooked_porkchop;minecraft;cooked.porkc;true;true;true;999999999999
minecraft;cooked_rabbit;minecraft;cooked.rabbi;true;true;true;999999999999
minecraft;cooked_salmon;minecraft;cooked.salmo;true;true;true;999999999999
minecraft;cookie;minecraft;cookie;true;true;true;999999999999
minecraft;cornflower;minecraft;cornflower;true;true;true;999999999999
minecraft;cow_spawn_egg;minecraft;cow.spa.egg;true;true;true;999999999999
minecraft;cracked_stone_bricks;minecraft;cracked.stob;true;true;true;999999999999
minecraft;crafting_table;minecraft;crafting.tab;true;true;true;999999999999
minecraft;creeper_banner_pattern;minecraft;creeper.banp;true;true;true;999999999999
minecraft;creeper_head;minecraft;creeper.head;true;true;true;999999999999
minecraft;creeper_spawn_egg;minecraft;creeper.spae;true;true;true;999999999999
minecraft;crossbow;minecraft;crossbow;true;true;true;999999999999
minecraft;cut_red_sandstone;minecraft;cut.red.sand;true;true;true;999999999999
minecraft;cut_sandstone;minecraft;cut.sandston;true;true;true;999999999999
minecraft;cyan_banner;minecraft;cyan.banner;true;true;true;999999999999
minecraft;cyan_bed;minecraft;cyan.bed;true;true;true;999999999999
minecraft;cyan_carpet;minecraft;cyan.carpet;true;true;true;999999999999
minecraft;cyan_concrete_powder;minecraft;cyan.con.pow;true;true;true;999999999999
minecraft;cyan_concrete;minecraft;cyan.concret;true;true;true;999999999999
minecraft;cyan_dye;minecraft;cyan.dye;true;true;true;999999999999
minecraft;cyan_glazed_terracotta;minecraft;cyan.gla.ter;true;true;true;999999999999
minecraft;cyan_shulker_box;minecraft;cyan.shu.box;true;true;true;999999999999
minecraft;cyan_stained_glass;minecraft;cyan.sta.gla;true;true;true;999999999999
minecraft;cyan_stained_glass_pane;minecraft;cyan.sta.gl1;true;true;true;999999999999
minecraft;cyan_terracotta;minecraft;cyan.terraco;true;true;true;999999999999
minecraft;cyan_wool;minecraft;cyan.wool;true;true;true;999999999999
minecraft;damaged_anvil;minecraft;damaged.anvi;true;true;true;999999999999
minecraft;dandelion;minecraft;dandelion;true;true;true;999999999999
minecraft;dark_oak_boat;minecraft;dark.oak.boa;true;true;true;999999999999
minecraft;dark_oak_button;minecraft;dark.oak.but;true;true;true;999999999999
minecraft;dark_oak_door;minecraft;dark.oak.doo;true;true;true;999999999999
minecraft;dark_oak_fence;minecraft;dark.oak.fen;true;true;true;999999999999
minecraft;dark_oak_fence_gate;minecraft;dark.oak.fe1;true;true;true;999999999999
minecraft;dark_oak_leaves;minecraft;dark.oak.lea;true;true;true;999999999999
minecraft;dark_oak_log;minecraft;dark.oak.log;true;true;true;999999999999
minecraft;dark_oak_planks;minecraft;dark.oak.pla;true;true;true;999999999999
minecraft;dark_oak_pressure_plate;minecraft;dark.oak.pre;true;true;true;999999999999
minecraft;dark_oak_sapling;minecraft;dark.oak.sap;true;true;true;999999999999
minecraft;dark_oak_sign;minecraft;dark.oak.sig;true;true;true;999999999999
minecraft;dark_oak_slab;minecraft;dark.oak.sla;true;true;true;999999999999
minecraft;dark_oak_stairs;minecraft;dark.oak.sta;true;true;true;999999999999
minecraft;dark_oak_trapdoor;minecraft;dark.oak.tra;true;true;true;999999999999
minecraft;dark_oak_wood;minecraft;dark.oak.woo;true;true;true;999999999999
minecraft;dark_prismarine_slab;minecraft;dark.pri.sla;true;true;true;999999999999
minecraft;dark_prismarine_stairs;minecraft;dark.pri.sta;true;true;true;999999999999
minecraft;dark_prismarine;minecraft;dark.prismar;true;true;true;999999999999
minecraft;daylight_detector;minecraft;daylight.det;true;true;true;999999999999
minecraft;dead_brain_coral_block;minecraft;dead.bra.cor;true;true;true;999999999999
minecraft;dead_brain_coral;minecraft;dead.bra.co1;true;true;true;999999999999
minecraft;dead_brain_coral_fan;minecraft;dead.bra.co2;true;true;true;999999999999
minecraft;dead_bubble_coral_block;minecraft;dead.bub.cor;true;true;true;999999999999
minecraft;dead_bubble_coral;minecraft;dead.bub.co1;true;true;true;999999999999
minecraft;dead_bubble_coral_fan;minecraft;dead.bub.co2;true;true;true;999999999999
minecraft;dead_bush;minecraft;dead.bush;true;true;true;999999999999
minecraft;dead_fire_coral_block;minecraft;dead.fir.cor;true;true;true;999999999999
minecraft;dead_fire_coral;minecraft;dead.fir.co1;true;true;true;999999999999
minecraft;dead_fire_coral_fan;minecraft;dead.fir.co2;true;true;true;999999999999
minecraft;dead_horn_coral_block;minecraft;dead.hor.cor;true;true;true;999999999999
minecraft;dead_horn_coral;minecraft;dead.hor.co1;true;true;true;999999999999
minecraft;dead_horn_coral_fan;minecraft;dead.hor.co2;true;true;true;999999999999
minecraft;dead_tube_coral_block;minecraft;dead.tub.cor;true;true;true;999999999999
minecraft;dead_tube_coral;minecraft;dead.tub.co1;true;true;true;999999999999
minecraft;dead_tube_coral_fan;minecraft;dead.tub.co2;true;true;true;999999999999
minecraft;debug_stick;minecraft;debug.stick;true;true;true;999999999999
minecraft;detector_rail;minecraft;detector.rai;true;true;true;999999999999
minecraft;diamond;minecraft;diamond;true;true;true;999999999999
minecraft;diamond_axe;minecraft;diamond.axe;true;true;true;999999999999
minecraft;diamond_block;minecraft;diamond.bloc;true;true;true;999999999999
minecraft;diamond_boots;minecraft;diamond.boot;true;true;true;999999999999
minecraft;diamond_chestplate;minecraft;diamond.ches;true;true;true;999999999999
minecraft;diamond_helmet;minecraft;diamond.helm;true;true;true;999999999999
minecraft;diamond_hoe;minecraft;diamond.hoe;true;true;true;999999999999
minecraft;diamond_horse_armor;minecraft;diamond.hora;true;true;true;999999999999
minecraft;diamond_leggings;minecraft;diamond.legg;true;true;true;999999999999
minecraft;diamond_ore;minecraft;diamond.ore;true;true;true;999999999999
minecraft;diamond_pickaxe;minecraft;diamond.pick;true;true;true;999999999999
minecraft;diamond_shovel;minecraft;diamond.shov;true;true;true;999999999999
minecraft;diamond_sword;minecraft;diamond.swor;true;true;true;999999999999
minecraft;diorite;minecraft;diorite;true;true;true;999999999999
minecraft;diorite_slab;minecraft;diorite.slab;true;true;true;999999999999
minecraft;diorite_stairs;minecraft;diorite.stai;true;true;true;999999999999
minecraft;diorite_wall;minecraft;diorite.wall;true;true;true;999999999999
minecraft;dirt;minecraft;dirt;true;true;true;999999999999
minecraft;dispenser;minecraft;dispenser;true;true;true;999999999999
minecraft;dolphin_spawn_egg;minecraft;dolphin.spae;true;true;true;999999999999
minecraft;donkey_spawn_egg;minecraft;donkey.spa.e;true;true;true;999999999999
minecraft;dragon_breath;minecraft;dragon.breat;true;true;true;999999999999
minecraft;dragon_egg;minecraft;dragon.egg;true;true;true;999999999999
minecraft;dragon_head;minecraft;dragon.head;true;true;true;999999999999
minecraft;dried_kelp_block;minecraft;dried.kel.bl;true;true;true;999999999999
minecraft;dried_kelp;minecraft;dried.kelp;true;true;true;999999999999
minecraft;dropper;minecraft;dropper;true;true;true;999999999999
minecraft;drowned_spawn_egg;minecraft;drowned.spae;true;true;true;999999999999
minecraft;egg;minecraft;egg;true;true;true;999999999999
minecraft;elder_guardian_spawn_egg;minecraft;elder.gua.sp;true;true;true;999999999999
minecraft;elytra;minecraft;elytra;true;true;true;999999999999
minecraft;emerald;minecraft;emerald;true;true;true;999999999999
minecraft;emerald_block;minecraft;emerald.bloc;true;true;true;999999999999
minecraft;emerald_ore;minecraft;emerald.ore;true;true;true;999999999999
minecraft;enchanted_book;minecraft;enchanted.bo;true;true;true;999999999999
minecraft;enchanted_golden_apple;minecraft;enchanted.go;true;true;true;999999999999
minecraft;enchanting_table;minecraft;enchanting.t;true;true;true;999999999999
minecraft;end_crystal;minecraft;end.crystal;true;true;true;999999999999
minecraft;end_portal_frame;minecraft;end.por.fram;true;true;true;999999999999
minecraft;end_rod;minecraft;end.rod;true;true;true;999999999999
minecraft;end_stone_bricks;minecraft;end.sto.bric;true;true;true;999999999999
minecraft;end_stone_brick_stairs;minecraft;end.sto.bris;true;true;true;999999999999
minecraft;end_stone_brick_slab;minecraft;end.sto.bri1;true;true;true;999999999999
minecraft;end_stone_brick_wall;minecraft;end.sto.briw;true;true;true;999999999999
minecraft;end_stone;minecraft;end.stone;true;true;true;999999999999
minecraft;ender_chest;minecraft;ender.chest;true;true;true;999999999999
minecraft;ender_eye;minecraft;ender.eye;true;true;true;999999999999
minecraft;ender_pearl;minecraft;ender.pearl;true;true;true;999999999999
minecraft;enderman_spawn_egg;minecraft;enderman.spa;true;true;true;999999999999
minecraft;endermite_spawn_egg;minecraft;endermite.sp;true;true;true;999999999999
minecraft;evoker_spawn_egg;minecraft;evoker.spa.e;true;true;true;999999999999
minecraft;experience_bottle;minecraft;experience.b;true;true;true;999999999999
minecraft;farmland;minecraft;farmland;true;true;true;999999999999
minecraft;feather;minecraft;feather;true;true;true;999999999999
minecraft;fermented_spider_eye;minecraft;fermented.sp;true;true;true;999999999999
minecraft;fern;minecraft;fern;true;true;true;999999999999
minecraft;filled_map;minecraft;filled.map;true;true;true;999999999999
minecraft;fire_charge;minecraft;fire.charge;true;true;true;999999999999
minecraft;fire_coral_block;minecraft;fire.cor.blo;true;true;true;999999999999
minecraft;fire_coral_fan;minecraft;fire.cor.fan;true;true;true;999999999999
minecraft;fire_coral;minecraft;fire.coral;true;true;true;999999999999
minecraft;firework_rocket;minecraft;firework.roc;true;true;true;999999999999
minecraft;firework_star;minecraft;firework.sta;true;true;true;999999999999
minecraft;fishing_rod;minecraft;fishing.rod;true;true;true;999999999999
minecraft;fletching_table;minecraft;fletching.ta;true;true;true;999999999999
minecraft;flint;minecraft;flint;true;true;true;999999999999
minecraft;flint_and_steel;minecraft;flint.and.st;true;true;true;999999999999
minecraft;flower_banner_pattern;minecraft;flower.ban.p;true;true;true;999999999999
minecraft;flower_pot;minecraft;flower.pot;true;true;true;999999999999
minecraft;fox_spawn_egg;minecraft;fox.spa.egg;true;true;true;999999999999
minecraft;furnace;minecraft;furnace;true;true;true;999999999999
minecraft;furnace_minecart;minecraft;furnace.mine;true;true;true;999999999999
minecraft;ghast_spawn_egg;minecraft;ghast.spa.eg;true;true;true;999999999999
minecraft;ghast_tear;minecraft;ghast.tear;true;true;true;999999999999
minecraft;glass;minecraft;glass;true;true;true;999999999999
minecraft;glass_bottle;minecraft;glass.bottle;true;true;true;999999999999
minecraft;glass_pane;minecraft;glass.pane;true;true;true;999999999999
minecraft;glistering_melon_slice;minecraft;glistering.m;true;true;true;999999999999
minecraft;glowstone;minecraft;glowstone;true;true;true;999999999999
minecraft;glowstone_dust;minecraft;glowstone.du;true;true;true;999999999999
minecraft;gold_block;minecraft;gold.block;true;true;true;999999999999
minecraft;gold_ingot;minecraft;gold.ingot;true;true;true;999999999999
minecraft;gold_nugget;minecraft;gold.nugget;true;true;true;999999999999
minecraft;gold_ore;minecraft;gold.ore;true;true;true;999999999999
minecraft;golden_apple;minecraft;golden.apple;true;true;true;999999999999
minecraft;golden_axe;minecraft;golden.axe;true;true;true;999999999999
minecraft;golden_boots;minecraft;golden.boots;true;true;true;999999999999
minecraft;golden_carrot;minecraft;golden.carro;true;true;true;999999999999
minecraft;golden_chestplate;minecraft;golden.chest;true;true;true;999999999999
minecraft;golden_helmet;minecraft;golden.helme;true;true;true;999999999999
minecraft;golden_hoe;minecraft;golden.hoe;true;true;true;999999999999
minecraft;golden_horse_armor;minecraft;golden.hor.a;true;true;true;999999999999
minecraft;golden_leggings;minecraft;golden.leggi;true;true;true;999999999999
minecraft;golden_pickaxe;minecraft;golden.picka;true;true;true;999999999999
minecraft;golden_shovel;minecraft;golden.shove;true;true;true;999999999999
minecraft;golden_sword;minecraft;golden.sword;true;true;true;999999999999
minecraft;granite;minecraft;granite;true;true;true;999999999999
minecraft;granite_slab;minecraft;granite.slab;true;true;true;999999999999
minecraft;granite_stairs;minecraft;granite.stai;true;true;true;999999999999
minecraft;granite_wall;minecraft;granite.wall;true;true;true;999999999999
minecraft;grass;minecraft;grass;true;true;true;999999999999
minecraft;grass_block;minecraft;grass.block;true;true;true;999999999999
minecraft;grass_path;minecraft;grass.path;true;true;true;999999999999
minecraft;gravel;minecraft;gravel;true;true;true;999999999999
minecraft;gray_banner;minecraft;gray.banner;true;true;true;999999999999
minecraft;gray_bed;minecraft;gray.bed;true;true;true;999999999999
minecraft;gray_carpet;minecraft;gray.carpet;true;true;true;999999999999
minecraft;gray_concrete_powder;minecraft;gray.con.pow;true;true;true;999999999999
minecraft;gray_concrete;minecraft;gray.concret;true;true;true;999999999999
minecraft;gray_dye;minecraft;gray.dye;true;true;true;999999999999
minecraft;gray_glazed_terracotta;minecraft;gray.gla.ter;true;true;true;999999999999
minecraft;gray_shulker_box;minecraft;gray.shu.box;true;true;true;999999999999
minecraft;gray_stained_glass;minecraft;gray.sta.gla;true;true;true;999999999999
minecraft;gray_stained_glass_pane;minecraft;gray.sta.gl1;true;true;true;999999999999
minecraft;gray_terracotta;minecraft;gray.terraco;true;true;true;999999999999
minecraft;gray_wool;minecraft;gray.wool;true;true;true;999999999999
minecraft;green_banner;minecraft;green.banner;true;true;true;999999999999
minecraft;green_bed;minecraft;green.bed;true;true;true;999999999999
minecraft;green_carpet;minecraft;green.carpet;true;true;true;999999999999
minecraft;green_concrete_powder;minecraft;green.con.po;true;true;true;999999999999
minecraft;green_concrete;minecraft;green.concre;true;true;true;999999999999
minecraft;green_dye;minecraft;green.dye;true;true;true;999999999999
minecraft;green_glazed_terracotta;minecraft;green.gla.te;true;true;true;999999999999
minecraft;green_shulker_box;minecraft;green.shu.bo;true;true;true;999999999999
minecraft;green_stained_glass;minecraft;green.sta.gl;true;true;true;999999999999
minecraft;green_stained_glass_pane;minecraft;green.sta.g1;true;true;true;999999999999
minecraft;green_terracotta;minecraft;green.terrac;true;true;true;999999999999
minecraft;green_wool;minecraft;green.wool;true;true;true;999999999999
minecraft;grindstone;minecraft;grindstone;true;true;true;999999999999
minecraft;guardian_spawn_egg;minecraft;guardian.spa;true;true;true;999999999999
minecraft;gunpowder;minecraft;gunpowder;true;true;true;999999999999
minecraft;hay_block;minecraft;hay.block;true;true;true;999999999999
minecraft;heart_of_the_sea;minecraft;heart.of.the;true;true;true;999999999999
minecraft;heavy_weighted_pressure_plate;minecraft;heavy.wei.pr;true;true;true;999999999999
minecraft;hopper;minecraft;hopper;true;true;true;999999999999
minecraft;hopper_minecart;minecraft;hopper.minec;true;true;true;999999999999
minecraft;horn_coral_block;minecraft;horn.cor.blo;true;true;true;999999999999
minecraft;horn_coral_fan;minecraft;horn.cor.fan;true;true;true;999999999999
minecraft;horn_coral;minecraft;horn.coral;true;true;true;999999999999
minecraft;horse_spawn_egg;minecraft;horse.spa.eg;true;true;true;999999999999
minecraft;husk_spawn_egg;minecraft;husk.spa.egg;true;true;true;999999999999
minecraft;ice;minecraft;ice;true;true;true;999999999999
minecraft;infested_chiseled_stone_bricks;minecraft;infested.chi;true;true;true;999999999999
minecraft;infested_cobblestone;minecraft;infested.cob;true;true;true;999999999999
minecraft;infested_cracked_stone_bricks;minecraft;infested.cra;true;true;true;999999999999
minecraft;infested_mossy_stone_bricks;minecraft;infested.mos;true;true;true;999999999999
minecraft;infested_stone;minecraft;infested.sto;true;true;true;999999999999
minecraft;infested_stone_bricks;minecraft;infested.st1;true;true;true;999999999999
minecraft;ink_sac;minecraft;ink.sac;true;true;true;999999999999
minecraft;iron_axe;minecraft;iron.axe;true;true;true;999999999999
minecraft;iron_bars;minecraft;iron.bars;true;true;true;999999999999
minecraft;iron_block;minecraft;iron.block;true;true;true;999999999999
minecraft;iron_boots;minecraft;iron.boots;true;true;true;999999999999
minecraft;iron_chestplate;minecraft;iron.chestpl;true;true;true;999999999999
minecraft;iron_door;minecraft;iron.door;true;true;true;999999999999
minecraft;iron_helmet;minecraft;iron.helmet;true;true;true;999999999999
minecraft;iron_hoe;minecraft;iron.hoe;true;true;true;999999999999
minecraft;iron_horse_armor;minecraft;iron.hor.arm;true;true;true;999999999999
minecraft;iron_ingot;minecraft;iron.ingot;true;true;true;999999999999
minecraft;iron_leggings;minecraft;iron.legging;true;true;true;999999999999
minecraft;iron_nugget;minecraft;iron.nugget;true;true;true;999999999999
minecraft;iron_ore;minecraft;iron.ore;true;true;true;999999999999
minecraft;iron_pickaxe;minecraft;iron.pickaxe;true;true;true;999999999999
minecraft;iron_shovel;minecraft;iron.shovel;true;true;true;999999999999
minecraft;iron_sword;minecraft;iron.sword;true;true;true;999999999999
minecraft;iron_trapdoor;minecraft;iron.trapdoo;true;true;true;999999999999
minecraft;item_frame;minecraft;item.frame;true;true;true;999999999999
minecraft;jack_o_lantern;minecraft;jack.o.lante;true;true;true;999999999999
minecraft;jigsaw;minecraft;jigsaw;true;true;true;999999999999
minecraft;jukebox;minecraft;jukebox;true;true;true;999999999999
minecraft;jungle_boat;minecraft;jungle.boat;true;true;true;999999999999
minecraft;jungle_button;minecraft;jungle.butto;true;true;true;999999999999
minecraft;jungle_door;minecraft;jungle.door;true;true;true;999999999999
minecraft;jungle_fence_gate;minecraft;jungle.fen.g;true;true;true;999999999999
minecraft;jungle_fence;minecraft;jungle.fence;true;true;true;999999999999
minecraft;jungle_leaves;minecraft;jungle.leave;true;true;true;999999999999
minecraft;jungle_log;minecraft;jungle.log;true;true;true;999999999999
minecraft;jungle_planks;minecraft;jungle.plank;true;true;true;999999999999
minecraft;jungle_pressure_plate;minecraft;jungle.pre.p;true;true;true;999999999999
minecraft;jungle_sapling;minecraft;jungle.sapli;true;true;true;999999999999
minecraft;jungle_sign;minecraft;jungle.sign;true;true;true;999999999999
minecraft;jungle_slab;minecraft;jungle.slab;true;true;true;999999999999
minecraft;jungle_stairs;minecraft;jungle.stair;true;true;true;999999999999
minecraft;jungle_trapdoor;minecraft;jungle.trapd;true;true;true;999999999999
minecraft;jungle_wood;minecraft;jungle.wood;true;true;true;999999999999
minecraft;kelp;minecraft;kelp;true;true;true;999999999999
minecraft;knowledge_book;minecraft;knowledge.bo;true;true;true;999999999999
minecraft;ladder;minecraft;ladder;true;true;true;999999999999
minecraft;lantern;minecraft;lantern;true;true;true;999999999999
minecraft;lapis_block;minecraft;lapis.block;true;true;true;999999999999
minecraft;lapis_lazuli;minecraft;lapis.lazuli;true;true;true;999999999999
minecraft;lapis_ore;minecraft;lapis.ore;true;true;true;999999999999
minecraft;large_fern;minecraft;large.fern;true;true;true;999999999999
minecraft;lava_bucket;minecraft;lava.bucket;true;true;true;999999999999
minecraft;lead;minecraft;lead;true;true;true;999999999999
minecraft;leather;minecraft;leather;true;true;true;999999999999
minecraft;leather_boots;minecraft;leather.boot;true;true;true;999999999999
minecraft;leather_chestplate;minecraft;leather.ches;true;true;true;999999999999
minecraft;leather_helmet;minecraft;leather.helm;true;true;true;999999999999
minecraft;leather_horse_armor;minecraft;leather.hora;true;true;true;999999999999
minecraft;leather_leggings;minecraft;leather.legg;true;true;true;999999999999
minecraft;lectern;minecraft;lectern;true;true;true;999999999999
minecraft;lever;minecraft;lever;true;true;true;999999999999
minecraft;light_blue_banner;minecraft;light.blu.ba;true;true;true;999999999999
minecraft;light_blue_bed;minecraft;light.blu.be;true;true;true;999999999999
minecraft;light_blue_carpet;minecraft;light.blu.ca;true;true;true;999999999999
minecraft;light_blue_concrete;minecraft;light.blu.co;true;true;true;999999999999
minecraft;light_blue_concrete_powder;minecraft;light.blu.c1;true;true;true;999999999999
minecraft;light_blue_dye;minecraft;light.blu.dy;true;true;true;999999999999
minecraft;light_blue_glazed_terracotta;minecraft;light.blu.gl;true;true;true;999999999999
minecraft;light_blue_shulker_box;minecraft;light.blu.sh;true;true;true;999999999999
minecraft;light_blue_stained_glass;minecraft;light.blu.st;true;true;true;999999999999
minecraft;light_blue_stained_glass_pane;minecraft;light.blu.s1;true;true;true;999999999999
minecraft;light_blue_terracotta;minecraft;light.blu.te;true;true;true;999999999999
minecraft;light_blue_wool;minecraft;light.blu.wo;true;true;true;999999999999
minecraft;light_gray_banner;minecraft;light.gra.ba;true;true;true;999999999999
minecraft;light_gray_bed;minecraft;light.gra.be;true;true;true;999999999999
minecraft;light_gray_carpet;minecraft;light.gra.ca;true;true;true;999999999999
minecraft;light_gray_concrete;minecraft;light.gra.co;true;true;true;999999999999
minecraft;light_gray_concrete_powder;minecraft;light.gra.c1;true;true;true;999999999999
minecraft;light_gray_dye;minecraft;light.gra.dy;true;true;true;999999999999
minecraft;light_gray_glazed_terracotta;minecraft;light.gra.gl;true;true;true;999999999999
minecraft;light_gray_shulker_box;minecraft;light.gra.sh;true;true;true;999999999999
minecraft;light_gray_stained_glass;minecraft;light.gra.st;true;true;true;999999999999
minecraft;light_gray_stained_glass_pane;minecraft;light.gra.s1;true;true;true;999999999999
minecraft;light_gray_terracotta;minecraft;light.gra.te;true;true;true;999999999999
minecraft;light_gray_wool;minecraft;light.gra.wo;true;true;true;999999999999
minecraft;light_weighted_pressure_plate;minecraft;light.wei.pr;true;true;true;999999999999
minecraft;lilac;minecraft;lilac;true;true;true;999999999999
minecraft;lily_of_the_valley;minecraft;lily.of.thev;true;true;true;999999999999
minecraft;lily_pad;minecraft;lily.pad;true;true;true;999999999999
minecraft;lime_banner;minecraft;lime.banner;true;true;true;999999999999
minecraft;lime_bed;minecraft;lime.bed;true;true;true;999999999999
minecraft;lime_carpet;minecraft;lime.carpet;true;true;true;999999999999
minecraft;lime_concrete_powder;minecraft;lime.con.pow;true;true;true;999999999999
minecraft;lime_concrete;minecraft;lime.concret;true;true;true;999999999999
minecraft;lime_dye;minecraft;lime.dye;true;true;true;999999999999
minecraft;lime_glazed_terracotta;minecraft;lime.gla.ter;true;true;true;999999999999
minecraft;lime_shulker_box;minecraft;lime.shu.box;true;true;true;999999999999
minecraft;lime_stained_glass;minecraft;lime.sta.gla;true;true;true;999999999999
minecraft;lime_stained_glass_pane;minecraft;lime.sta.gl1;true;true;true;999999999999
minecraft;lime_terracotta;minecraft;lime.terraco;true;true;true;999999999999
minecraft;lime_wool;minecraft;lime.wool;true;true;true;999999999999
minecraft;lingering_potion;minecraft;lingering.po;true;true;true;999999999999
minecraft;llama_spawn_egg;minecraft;llama.spa.eg;true;true;true;999999999999
minecraft;loom;minecraft;loom;true;true;true;999999999999
minecraft;magenta_banner;minecraft;magenta.bann;true;true;true;999999999999
minecraft;magenta_bed;minecraft;magenta.bed;true;true;true;999999999999
minecraft;magenta_carpet;minecraft;magenta.carp;true;true;true;999999999999
minecraft;magenta_concrete;minecraft;magenta.conc;true;true;true;999999999999
minecraft;magenta_concrete_powder;minecraft;magenta.conp;true;true;true;999999999999
minecraft;magenta_dye;minecraft;magenta.dye;true;true;true;999999999999
minecraft;magenta_glazed_terracotta;minecraft;magenta.glat;true;true;true;999999999999
minecraft;magenta_shulker_box;minecraft;magenta.shub;true;true;true;999999999999
minecraft;magenta_stained_glass;minecraft;magenta.stag;true;true;true;999999999999
minecraft;magenta_stained_glass_pane;minecraft;magenta.sta1;true;true;true;999999999999
minecraft;magenta_terracotta;minecraft;magenta.terr;true;true;true;999999999999
minecraft;magenta_wool;minecraft;magenta.wool;true;true;true;999999999999
minecraft;magma_block;minecraft;magma.block;true;true;true;999999999999
minecraft;magma_cream;minecraft;magma.cream;true;true;true;999999999999
minecraft;magma_cube_spawn_egg;minecraft;magma.cub.sp;true;true;true;999999999999
minecraft;map;minecraft;map;true;true;true;999999999999
minecraft;melon;minecraft;melon;true;true;true;999999999999
minecraft;melon_seeds;minecraft;melon.seeds;true;true;true;999999999999
minecraft;melon_slice;minecraft;melon.slice;true;true;true;999999999999
minecraft;milk_bucket;minecraft;milk.bucket;true;true;true;999999999999
minecraft;minecart;minecraft;minecart;true;true;true;999999999999
minecraft;mojang_banner_pattern;minecraft;mojang.ban.p;true;true;true;999999999999
minecraft;mooshroom_spawn_egg;minecraft;mooshroom.sp;true;true;true;999999999999
minecraft;mossy_cobblestone_slab;minecraft;mossy.cob.sl;true;true;true;999999999999
minecraft;mossy_cobblestone_stairs;minecraft;mossy.cob.st;true;true;true;999999999999
minecraft;mossy_cobblestone_wall;minecraft;mossy.cob.wa;true;true;true;999999999999
minecraft;mossy_cobblestone;minecraft;mossy.cobble;true;true;true;999999999999
minecraft;mossy_stone_bricks;minecraft;mossy.sto.br;true;true;true;999999999999
minecraft;mossy_stone_brick_stairs;minecraft;mossy.sto.b1;true;true;true;999999999999
minecraft;mossy_stone_brick_slab;minecraft;mossy.sto.b2;true;true;true;999999999999
minecraft;mossy_stone_brick_wall;minecraft;mossy.sto.b3;true;true;true;999999999999
minecraft;mule_spawn_egg;minecraft;mule.spa.egg;true;true;true;999999999999
minecraft;mushroom_stem;minecraft;mushroom.ste;true;true;true;999999999999
minecraft;mushroom_stew;minecraft;mushroom.st1;true;true;true;999999999999
minecraft;music_disc_11;minecraft;music.dis.11;true;true;true;999999999999
minecraft;music_disc_13;minecraft;music.dis.13;true;true;true;999999999999
minecraft;music_disc_blocks;minecraft;music.dis.bl;true;true;true;999999999999
minecraft;music_disc_cat;minecraft;music.dis.ca;true;true;true;999999999999
minecraft;music_disc_chirp;minecraft;music.dis.ch;true;true;true;999999999999
minecraft;music_disc_far;minecraft;music.dis.fa;true;true;true;999999999999
minecraft;music_disc_mall;minecraft;music.dis.ma;true;true;true;999999999999
minecraft;music_disc_mellohi;minecraft;music.dis.me;true;true;true;999999999999
minecraft;music_disc_stal;minecraft;music.dis.st;true;true;true;999999999999
minecraft;music_disc_strad;minecraft;music.dis.s1;true;true;true;999999999999
minecraft;music_disc_ward;minecraft;music.dis.wa;true;true;true;999999999999
minecraft;music_disc_wait;minecraft;music.dis.w1;true;true;true;999999999999
minecraft;mutton;minecraft;mutton;true;true;true;999999999999
minecraft;mycelium;minecraft;mycelium;true;true;true;999999999999
minecraft;name_tag;minecraft;name.tag;true;true;true;999999999999
minecraft;nautilus_shell;minecraft;nautilus.she;true;true;true;999999999999
minecraft;nether_brick_fence;minecraft;nether.bri.f;true;true;true;999999999999
minecraft;nether_brick_slab;minecraft;nether.bri.s;true;true;true;999999999999
minecraft;nether_brick_stairs;minecraft;nether.bri.1;true;true;true;999999999999
minecraft;nether_brick_wall;minecraft;nether.bri.w;true;true;true;999999999999
minecraft;nether_bricks;minecraft;nether.brick;true;true;true;999999999999
minecraft;nether_brick;minecraft;nether.bric1;true;true;true;999999999999
minecraft;nether_quartz_ore;minecraft;nether.qua.o;true;true;true;999999999999
minecraft;nether_star;minecraft;nether.star;true;true;true;999999999999
minecraft;nether_wart_block;minecraft;nether.war.b;true;true;true;999999999999
minecraft;nether_wart;minecraft;nether.wart;true;true;true;999999999999
minecraft;netherrack;minecraft;netherrack;true;true;true;999999999999
minecraft;note_block;minecraft;note.block;true;true;true;999999999999
minecraft;oak_boat;minecraft;oak.boat;true;true;true;999999999999
minecraft;oak_button;minecraft;oak.button;true;true;true;999999999999
minecraft;oak_door;minecraft;oak.door;true;true;true;999999999999
minecraft;oak_fence_gate;minecraft;oak.fen.gate;true;true;true;999999999999
minecraft;oak_fence;minecraft;oak.fence;true;true;true;999999999999
minecraft;oak_leaves;minecraft;oak.leaves;true;true;true;999999999999
minecraft;oak_log;minecraft;oak.log;true;true;true;999999999999
minecraft;oak_planks;minecraft;oak.planks;true;true;true;999999999999
minecraft;oak_pressure_plate;minecraft;oak.pre.plat;true;true;true;999999999999
minecraft;oak_sapling;minecraft;oak.sapling;true;true;true;999999999999
minecraft;oak_sign;minecraft;oak.sign;true;true;true;999999999999
minecraft;oak_slab;minecraft;oak.slab;true;true;true;999999999999
minecraft;oak_stairs;minecraft;oak.stairs;true;true;true;999999999999
minecraft;oak_trapdoor;minecraft;oak.trapdoor;true;true;true;999999999999
minecraft;oak_wood;minecraft;oak.wood;true;true;true;999999999999
minecraft;observer;minecraft;observer;true;true;true;999999999999
minecraft;obsidian;minecraft;obsidian;true;true;true;999999999999
minecraft;ocelot_spawn_egg;minecraft;ocelot.spa.e;true;true;true;999999999999
minecraft;orange_banner;minecraft;orange.banne;true;true;true;999999999999
minecraft;orange_bed;minecraft;orange.bed;true;true;true;999999999999
minecraft;orange_carpet;minecraft;orange.carpe;true;true;true;999999999999
minecraft;orange_concrete_powder;minecraft;orange.con.p;true;true;true;999999999999
minecraft;orange_concrete;minecraft;orange.concr;true;true;true;999999999999
minecraft;orange_dye;minecraft;orange.dye;true;true;true;999999999999
minecraft;orange_glazed_terracotta;minecraft;orange.gla.t;true;true;true;999999999999
minecraft;orange_shulker_box;minecraft;orange.shu.b;true;true;true;999999999999
minecraft;orange_stained_glass;minecraft;orange.sta.g;true;true;true;999999999999
minecraft;orange_stained_glass_pane;minecraft;orange.sta.1;true;true;true;999999999999
minecraft;orange_terracotta;minecraft;orange.terra;true;true;true;999999999999
minecraft;orange_tulip;minecraft;orange.tulip;true;true;true;999999999999
minecraft;orange_wool;minecraft;orange.wool;true;true;true;999999999999
minecraft;oxeye_daisy;minecraft;oxeye.daisy;true;true;true;999999999999
minecraft;packed_ice;minecraft;packed.ice;true;true;true;999999999999
minecraft;painting;minecraft;painting;true;true;true;999999999999
minecraft;panda_spawn_egg;minecraft;panda.spa.eg;true;true;true;999999999999
minecraft;paper;minecraft;paper;true;true;true;999999999999
minecraft;parrot_spawn_egg;minecraft;parrot.spa.e;true;true;true;999999999999
minecraft;peony;minecraft;peony;true;true;true;999999999999
minecraft;petrified_oak_slab;minecraft;petrified.oa;true;true;true;999999999999
minecraft;phantom_membrane;minecraft;phantom.memb;true;true;true;999999999999
minecraft;phantom_spawn_egg;minecraft;phantom.spae;true;true;true;999999999999
minecraft;pig_spawn_egg;minecraft;pig.spa.egg;true;true;true;999999999999
minecraft;pillager_spawn_egg;minecraft;pillager.spa;true;true;true;999999999999
minecraft;pink_banner;minecraft;pink.banner;true;true;true;999999999999
minecraft;pink_bed;minecraft;pink.bed;true;true;true;999999999999
minecraft;pink_carpet;minecraft;pink.carpet;true;true;true;999999999999
minecraft;pink_concrete_powder;minecraft;pink.con.pow;true;true;true;999999999999
minecraft;pink_concrete;minecraft;pink.concret;true;true;true;999999999999
minecraft;pink_dye;minecraft;pink.dye;true;true;true;999999999999
minecraft;pink_glazed_terracotta;minecraft;pink.gla.ter;true;true;true;999999999999
minecraft;pink_shulker_box;minecraft;pink.shu.box;true;true;true;999999999999
minecraft;pink_stained_glass;minecraft;pink.sta.gla;true;true;true;999999999999
minecraft;pink_stained_glass_pane;minecraft;pink.sta.gl1;true;true;true;999999999999
minecraft;pink_terracotta;minecraft;pink.terraco;true;true;true;999999999999
minecraft;pink_tulip;minecraft;pink.tulip;true;true;true;999999999999
minecraft;pink_wool;minecraft;pink.wool;true;true;true;999999999999
minecraft;piston;minecraft;piston;true;true;true;999999999999
minecraft;player_head;minecraft;player.head;true;true;true;999999999999
minecraft;podzol;minecraft;podzol;true;true;true;999999999999
minecraft;poisonous_potato;minecraft;poisonous.po;true;true;true;999999999999
minecraft;polar_bear_spawn_egg;minecraft;polar.bea.sp;true;true;true;999999999999
minecraft;polished_andesite;minecraft;polished.and;true;true;true;999999999999
minecraft;polished_andesite_stairs;minecraft;polished.an1;true;true;true;999999999999
minecraft;polished_andesite_slab;minecraft;polished.an2;true;true;true;999999999999
minecraft;polished_diorite;minecraft;polished.dio;true;true;true;999999999999
minecraft;polished_diorite_stairs;minecraft;polished.di1;true;true;true;999999999999
minecraft;polished_diorite_slab;minecraft;polished.di2;true;true;true;999999999999
minecraft;polished_granite;minecraft;polished.gra;true;true;true;999999999999
minecraft;polished_granite_stairs;minecraft;polished.gr1;true;true;true;999999999999
minecraft;polished_granite_slab;minecraft;polished.gr2;true;true;true;999999999999
minecraft;popped_chorus_fruit;minecraft;popped.cho.f;true;true;true;999999999999
minecraft;poppy;minecraft;poppy;true;true;true;999999999999
minecraft;porkchop;minecraft;porkchop;true;true;true;999999999999
minecraft;potato;minecraft;potato;true;true;true;999999999999
minecraft;potion;minecraft;potion;true;true;true;999999999999
minecraft;powered_rail;minecraft;powered.rail;true;true;true;999999999999
minecraft;prismarine;minecraft;prismarine;true;true;true;999999999999
minecraft;prismarine_brick_slab;minecraft;prismarine.b;true;true;true;999999999999
minecraft;prismarine_bricks;minecraft;prismarine.1;true;true;true;999999999999
minecraft;prismarine_brick_stairs;minecraft;prismarine.2;true;true;true;999999999999
minecraft;prismarine_crystals;minecraft;prismarine.c;true;true;true;999999999999
minecraft;prismarine_slab;minecraft;prismarine.s;true;true;true;999999999999
minecraft;prismarine_stairs;minecraft;prismarine.3;true;true;true;999999999999
minecraft;prismarine_shard;minecraft;prismarine.4;true;true;true;999999999999
minecraft;prismarine_wall;minecraft;prismarine.w;true;true;true;999999999999
minecraft;pufferfish;minecraft;pufferfish;true;true;true;999999999999
minecraft;pufferfish_bucket;minecraft;pufferfish.b;true;true;true;999999999999
minecraft;pufferfish_spawn_egg;minecraft;pufferfish.s;true;true;true;999999999999
minecraft;pumpkin;minecraft;pumpkin;true;true;true;999999999999
minecraft;pumpkin_pie;minecraft;pumpkin.pie;true;true;true;999999999999
minecraft;pumpkin_seeds;minecraft;pumpkin.seed;true;true;true;999999999999
minecraft;purple_banner;minecraft;purple.banne;true;true;true;999999999999
minecraft;purple_bed;minecraft;purple.bed;true;true;true;999999999999
minecraft;purple_carpet;minecraft;purple.carpe;true;true;true;999999999999
minecraft;purple_concrete_powder;minecraft;purple.con.p;true;true;true;999999999999
minecraft;purple_concrete;minecraft;purple.concr;true;true;true;999999999999
minecraft;purple_dye;minecraft;purple.dye;true;true;true;999999999999
minecraft;purple_glazed_terracotta;minecraft;purple.gla.t;true;true;true;999999999999
minecraft;purple_shulker_box;minecraft;purple.shu.b;true;true;true;999999999999
minecraft;purple_stained_glass;minecraft;purple.sta.g;true;true;true;999999999999
minecraft;purple_stained_glass_pane;minecraft;purple.sta.1;true;true;true;999999999999
minecraft;purple_terracotta;minecraft;purple.terra;true;true;true;999999999999
minecraft;purple_wool;minecraft;purple.wool;true;true;true;999999999999
minecraft;purpur_block;minecraft;purpur.block;true;true;true;999999999999
minecraft;purpur_pillar;minecraft;purpur.pilla;true;true;true;999999999999
minecraft;purpur_slab;minecraft;purpur.slab;true;true;true;999999999999
minecraft;purpur_stairs;minecraft;purpur.stair;true;true;true;999999999999
minecraft;quartz;minecraft;quartz;true;true;true;999999999999
minecraft;quartz_block;minecraft;quartz.block;true;true;true;999999999999
minecraft;quartz_pillar;minecraft;quartz.pilla;true;true;true;999999999999
minecraft;quartz_slab;minecraft;quartz.slab;true;true;true;999999999999
minecraft;quartz_stairs;minecraft;quartz.stair;true;true;true;999999999999
minecraft;rabbit;minecraft;rabbit;true;true;true;999999999999
minecraft;rabbit_foot;minecraft;rabbit.foot;true;true;true;999999999999
minecraft;rabbit_hide;minecraft;rabbit.hide;true;true;true;999999999999
minecraft;rabbit_spawn_egg;minecraft;rabbit.spa.e;true;true;true;999999999999
minecraft;rabbit_stew;minecraft;rabbit.stew;true;true;true;999999999999
minecraft;rail;minecraft;rail;true;true;true;999999999999
minecraft;ravager_spawn_egg;minecraft;ravager.spae;true;true;true;999999999999
minecraft;red_banner;minecraft;red.banner;true;true;true;999999999999
minecraft;red_bed;minecraft;red.bed;true;true;true;999999999999
minecraft;red_carpet;minecraft;red.carpet;true;true;true;999999999999
minecraft;red_concrete_powder;minecraft;red.con.powd;true;true;true;999999999999
minecraft;red_concrete;minecraft;red.concrete;true;true;true;999999999999
minecraft;red_dye;minecraft;red.dye;true;true;true;999999999999
minecraft;red_glazed_terracotta;minecraft;red.gla.terr;true;true;true;999999999999
minecraft;red_mushroom_block;minecraft;red.mus.bloc;true;true;true;999999999999
minecraft;red_mushroom;minecraft;red.mushroom;true;true;true;999999999999
minecraft;red_nether_bricks;minecraft;red.net.bric;true;true;true;999999999999
minecraft;red_nether_brick_stairs;minecraft;red.net.bris;true;true;true;999999999999
minecraft;red_nether_brick_slab;minecraft;red.net.bri1;true;true;true;999999999999
minecraft;red_nether_brick_wall;minecraft;red.net.briw;true;true;true;999999999999
minecraft;red_sandstone_slab;minecraft;red.san.slab;true;true;true;999999999999
minecraft;red_sandstone_stairs;minecraft;red.san.stai;true;true;true;999999999999
minecraft;red_sandstone_wall;minecraft;red.san.wall;true;true;true;999999999999
minecraft;red_sand;minecraft;red.sand;true;true;true;999999999999
minecraft;red_sandstone;minecraft;red.sandston;true;true;true;999999999999
minecraft;red_shulker_box;minecraft;red.shu.box;true;true;true;999999999999
minecraft;red_stained_glass_pane;minecraft;red.sta.glap;true;true;true;999999999999
minecraft;red_stained_glass;minecraft;red.sta.glas;true;true;true;999999999999
minecraft;red_terracotta;minecraft;red.terracot;true;true;true;999999999999
minecraft;red_tulip;minecraft;red.tulip;true;true;true;999999999999
minecraft;red_wool;minecraft;red.wool;true;true;true;999999999999
minecraft;redstone;minecraft;redstone;true;true;true;999999999999
minecraft;redstone_block;minecraft;redstone.blo;true;true;true;999999999999
minecraft;redstone_lamp;minecraft;redstone.lam;true;true;true;999999999999
minecraft;redstone_ore;minecraft;redstone.ore;true;true;true;999999999999
minecraft;redstone_torch;minecraft;redstone.tor;true;true;true;999999999999
minecraft;repeater;minecraft;repeater;true;true;true;999999999999
minecraft;repeating_command_block;minecraft;repeating.co;true;true;true;999999999999
minecraft;rose_bush;minecraft;rose.bush;true;true;true;999999999999
minecraft;rotten_flesh;minecraft;rotten.flesh;true;true;true;999999999999
minecraft;saddle;minecraft;saddle;true;true;true;999999999999
minecraft;salmon;minecraft;salmon;true;true;true;999999999999
minecraft;salmon_bucket;minecraft;salmon.bucke;true;true;true;999999999999
minecraft;salmon_spawn_egg;minecraft;salmon.spa.e;true;true;true;999999999999
minecraft;sand;minecraft;sand;true;true;true;999999999999
minecraft;sandstone;minecraft;sandstone;true;true;true;999999999999
minecraft;sandstone_slab;minecraft;sandstone.sl;true;true;true;999999999999
minecraft;sandstone_stairs;minecraft;sandstone.st;true;true;true;999999999999
minecraft;sandstone_wall;minecraft;sandstone.wa;true;true;true;999999999999
minecraft;scaffolding;minecraft;scaffolding;true;true;true;999999999999
minecraft;scute;minecraft;scute;true;true;true;999999999999
minecraft;sea_lantern;minecraft;sea.lantern;true;true;true;999999999999
minecraft;sea_pickle;minecraft;sea.pickle;true;true;true;999999999999
minecraft;seagrass;minecraft;seagrass;true;true;true;999999999999
minecraft;shears;minecraft;shears;true;true;true;999999999999
minecraft;sheep_spawn_egg;minecraft;sheep.spa.eg;true;true;true;999999999999
minecraft;shield;minecraft;shield;true;true;true;999999999999
minecraft;shulker_box;minecraft;shulker.box;true;true;true;999999999999
minecraft;shulker_shell;minecraft;shulker.shel;true;true;true;999999999999
minecraft;shulker_spawn_egg;minecraft;shulker.spae;true;true;true;999999999999
minecraft;silverfish_spawn_egg;minecraft;silverfish.s;true;true;true;999999999999
minecraft;skeleton_horse_spawn_egg;minecraft;skeleton.hor;true;true;true;999999999999
minecraft;skeleton_skull;minecraft;skeleton.sku;true;true;true;999999999999
minecraft;skeleton_spawn_egg;minecraft;skeleton.spa;true;true;true;999999999999
minecraft;skull_banner_pattern;minecraft;skull.ban.pa;true;true;true;999999999999
minecraft;slime_ball;minecraft;slime.ball;true;true;true;999999999999
minecraft;slime_block;minecraft;slime.block;true;true;true;999999999999
minecraft;slime_spawn_egg;minecraft;slime.spa.eg;true;true;true;999999999999
minecraft;smithing_table;minecraft;smithing.tab;true;true;true;999999999999
minecraft;smoker;minecraft;smoker;true;true;true;999999999999
minecraft;smooth_quartz_stairs;minecraft;smooth.qua.s;true;true;true;999999999999
minecraft;smooth_quartz_slab;minecraft;smooth.qua.1;true;true;true;999999999999
minecraft;smooth_quartz;minecraft;smooth.quart;true;true;true;999999999999
minecraft;smooth_red_sandstone;minecraft;smooth.red.s;true;true;true;999999999999
minecraft;smooth_red_sandstone_stairs;minecraft;smooth.red.1;true;true;true;999999999999
minecraft;smooth_red_sandstone_slab;minecraft;smooth.red.2;true;true;true;999999999999
minecraft;smooth_sandstone_stairs;minecraft;smooth.san.s;true;true;true;999999999999
minecraft;smooth_sandstone_slab;minecraft;smooth.san.1;true;true;true;999999999999
minecraft;smooth_sandstone;minecraft;smooth.sands;true;true;true;999999999999
minecraft;smooth_stone_slab;minecraft;smooth.sto.s;true;true;true;999999999999
minecraft;smooth_stone;minecraft;smooth.stone;true;true;true;999999999999
minecraft;snow;minecraft;snow;true;true;true;999999999999
minecraft;snow_block;minecraft;snow.block;true;true;true;999999999999
minecraft;snowball;minecraft;snowball;true;true;true;999999999999
minecraft;soul_sand;minecraft;soul.sand;true;true;true;999999999999
minecraft;spawner;minecraft;spawner;true;true;true;999999999999
minecraft;spectral_arrow;minecraft;spectral.arr;true;true;true;999999999999
minecraft;spider_eye;minecraft;spider.eye;true;true;true;999999999999
minecraft;spider_spawn_egg;minecraft;spider.spa.e;true;true;true;999999999999
minecraft;splash_potion;minecraft;splash.potio;true;true;true;999999999999
minecraft;sponge;minecraft;sponge;true;true;true;999999999999
minecraft;spruce_boat;minecraft;spruce.boat;true;true;true;999999999999
minecraft;spruce_button;minecraft;spruce.butto;true;true;true;999999999999
minecraft;spruce_door;minecraft;spruce.door;true;true;true;999999999999
minecraft;spruce_fence_gate;minecraft;spruce.fen.g;true;true;true;999999999999
minecraft;spruce_fence;minecraft;spruce.fence;true;true;true;999999999999
minecraft;spruce_leaves;minecraft;spruce.leave;true;true;true;999999999999
minecraft;spruce_log;minecraft;spruce.log;true;true;true;999999999999
minecraft;spruce_planks;minecraft;spruce.plank;true;true;true;999999999999
minecraft;spruce_pressure_plate;minecraft;spruce.pre.p;true;true;true;999999999999
minecraft;spruce_sapling;minecraft;spruce.sapli;true;true;true;999999999999
minecraft;spruce_sign;minecraft;spruce.sign;true;true;true;999999999999
minecraft;spruce_slab;minecraft;spruce.slab;true;true;true;999999999999
minecraft;spruce_stairs;minecraft;spruce.stair;true;true;true;999999999999
minecraft;spruce_trapdoor;minecraft;spruce.trapd;true;true;true;999999999999
minecraft;spruce_wood;minecraft;spruce.wood;true;true;true;999999999999
minecraft;squid_spawn_egg;minecraft;squid.spa.eg;true;true;true;999999999999
minecraft;stick;minecraft;stick;true;true;true;999999999999
minecraft;sticky_piston;minecraft;sticky.pisto;true;true;true;999999999999
minecraft;stone;minecraft;stone;true;true;true;999999999999
minecraft;stone_axe;minecraft;stone.axe;true;true;true;999999999999
minecraft;stone_brick_slab;minecraft;stone.bri.sl;true;true;true;999999999999
minecraft;stone_brick_stairs;minecraft;stone.bri.st;true;true;true;999999999999
minecraft;stone_brick_wall;minecraft;stone.bri.wa;true;true;true;999999999999
minecraft;stone_bricks;minecraft;stone.bricks;true;true;true;999999999999
minecraft;stone_button;minecraft;stone.button;true;true;true;999999999999
minecraft;stone_hoe;minecraft;stone.hoe;true;true;true;999999999999
minecraft;stone_pickaxe;minecraft;stone.pickax;true;true;true;999999999999
minecraft;stone_pressure_plate;minecraft;stone.pre.pl;true;true;true;999999999999
minecraft;stone_shovel;minecraft;stone.shovel;true;true;true;999999999999
minecraft;stone_slab;minecraft;stone.slab;true;true;true;999999999999
minecraft;stone_stairs;minecraft;stone.stairs;true;true;true;999999999999
minecraft;stone_sword;minecraft;stone.sword;true;true;true;999999999999
minecraft;stonecutter;minecraft;stonecutter;true;true;true;999999999999
minecraft;stray_spawn_egg;minecraft;stray.spa.eg;true;true;true;999999999999
minecraft;string;minecraft;string;true;true;true;999999999999
minecraft;stripped_acacia_log;minecraft;stripped.aca;true;true;true;999999999999
minecraft;stripped_acacia_wood;minecraft;stripped.ac1;true;true;true;999999999999
minecraft;stripped_birch_log;minecraft;stripped.bir;true;true;true;999999999999
minecraft;stripped_birch_wood;minecraft;stripped.bi1;true;true;true;999999999999
minecraft;stripped_dark_oak_log;minecraft;stripped.dar;true;true;true;999999999999
minecraft;stripped_dark_oak_wood;minecraft;stripped.da1;true;true;true;999999999999
minecraft;stripped_jungle_log;minecraft;stripped.jun;true;true;true;999999999999
minecraft;stripped_jungle_wood;minecraft;stripped.ju1;true;true;true;999999999999
minecraft;stripped_oak_log;minecraft;stripped.oak;true;true;true;999999999999
minecraft;stripped_oak_wood;minecraft;stripped.oa1;true;true;true;999999999999
minecraft;stripped_spruce_log;minecraft;stripped.spr;true;true;true;999999999999
minecraft;stripped_spruce_wood;minecraft;stripped.sp1;true;true;true;999999999999
minecraft;structure_block;minecraft;structure.bl;true;true;true;999999999999
minecraft;structure_void;minecraft;structure.vo;true;true;true;999999999999
minecraft;sugar;minecraft;sugar;true;true;true;999999999999
minecraft;sugar_cane;minecraft;sugar.cane;true;true;true;999999999999
minecraft;sunflower;minecraft;sunflower;true;true;true;999999999999
minecraft;suspicious_stew;minecraft;suspicious.s;true;true;true;999999999999
minecraft;sweet_berries;minecraft;sweet.berrie;true;true;true;999999999999
minecraft;tall_grass;minecraft;tall.grass;true;true;true;999999999999
minecraft;terracotta;minecraft;terracotta;true;true;true;999999999999
minecraft;tipped_arrow;minecraft;tipped.arrow;true;true;true;999999999999
minecraft;tnt;minecraft;tnt;true;true;true;999999999999
minecraft;tnt_minecart;minecraft;tnt.minecart;true;true;true;999999999999
minecraft;torch;minecraft;torch;true;true;true;999999999999
minecraft;totem_of_undying;minecraft;totem.of.und;true;true;true;999999999999
minecraft;trader_llama_spawn_egg;minecraft;trader.lla.s;true;true;true;999999999999
minecraft;trapped_chest;minecraft;trapped.ches;true;true;true;999999999999
minecraft;trident;minecraft;trident;true;true;true;999999999999
minecraft;tripwire_hook;minecraft;tripwire.hoo;true;true;true;999999999999
minecraft;tropical_fish_bucket;minecraft;tropical.fis;true;true;true;999999999999
minecraft;tropical_fish;minecraft;tropical.fi1;true;true;true;999999999999
minecraft;tropical_fish_spawn_egg;minecraft;tropical.fi2;true;true;true;999999999999
minecraft;tube_coral_block;minecraft;tube.cor.blo;true;true;true;999999999999
minecraft;tube_coral_fan;minecraft;tube.cor.fan;true;true;true;999999999999
minecraft;tube_coral;minecraft;tube.coral;true;true;true;999999999999
minecraft;turtle_egg;minecraft;turtle.egg;true;true;true;999999999999
minecraft;turtle_helmet;minecraft;turtle.helme;true;true;true;999999999999
minecraft;turtle_spawn_egg;minecraft;turtle.spa.e;true;true;true;999999999999
minecraft;vex_spawn_egg;minecraft;vex.spa.egg;true;true;true;999999999999
minecraft;villager_spawn_egg;minecraft;villager.spa;true;true;true;999999999999
minecraft;vindicator_spawn_egg;minecraft;vindicator.s;true;true;true;999999999999
minecraft;vine;minecraft;vine;true;true;true;999999999999
minecraft;wandering_trader_spawn_egg;minecraft;wandering.tr;true;true;true;999999999999
minecraft;water_bucket;minecraft;water.bucket;true;true;true;999999999999
minecraft;wet_sponge;minecraft;wet.sponge;true;true;true;999999999999
minecraft;wheat;minecraft;wheat;true;true;true;999999999999
minecraft;wheat_seeds;minecraft;wheat.seeds;true;true;true;999999999999
minecraft;white_banner;minecraft;white.banner;true;true;true;999999999999
minecraft;white_bed;minecraft;white.bed;true;true;true;999999999999
minecraft;white_carpet;minecraft;white.carpet;true;true;true;999999999999
minecraft;white_concrete_powder;minecraft;white.con.po;true;true;true;999999999999
minecraft;white_concrete;minecraft;white.concre;true;true;true;999999999999
minecraft;white_dye;minecraft;white.dye;true;true;true;999999999999
minecraft;white_glazed_terracotta;minecraft;white.gla.te;true;true;true;999999999999
minecraft;white_shulker_box;minecraft;white.shu.bo;true;true;true;999999999999
minecraft;white_stained_glass;minecraft;white.sta.gl;true;true;true;999999999999
minecraft;white_stained_glass_pane;minecraft;white.sta.g1;true;true;true;999999999999
minecraft;white_terracotta;minecraft;white.terrac;true;true;true;999999999999
minecraft;white_tulip;minecraft;white.tulip;true;true;true;999999999999
minecraft;white_wool;minecraft;white.wool;true;true;true;999999999999
minecraft;witch_spawn_egg;minecraft;witch.spa.eg;true;true;true;999999999999
minecraft;wither_rose;minecraft;wither.rose;true;true;true;999999999999
minecraft;wither_skeleton_spawn_egg;minecraft;wither.ske.s;true;true;true;999999999999
minecraft;wither_skeleton_skull;minecraft;wither.ske.1;true;true;true;999999999999
minecraft;wolf_spawn_egg;minecraft;wolf.spa.egg;true;true;true;999999999999
minecraft;wooden_axe;minecraft;wooden.axe;true;true;true;999999999999
minecraft;wooden_hoe;minecraft;wooden.hoe;true;true;true;999999999999
minecraft;wooden_pickaxe;minecraft;wooden.picka;true;true;true;999999999999
minecraft;wooden_shovel;minecraft;wooden.shove;true;true;true;999999999999
minecraft;wooden_sword;minecraft;wooden.sword;true;true;true;999999999999
minecraft;writable_book;minecraft;writable.boo;true;true;true;999999999999
minecraft;written_book;minecraft;written.book;true;true;true;999999999999
minecraft;yellow_banner;minecraft;yellow.banne;true;true;true;999999999999
minecraft;yellow_bed;minecraft;yellow.bed;true;true;true;999999999999
minecraft;yellow_carpet;minecraft;yellow.carpe;true;true;true;999999999999
minecraft;yellow_concrete_powder;minecraft;yellow.con.p;true;true;true;999999999999
minecraft;yellow_concrete;minecraft;yellow.concr;true;true;true;999999999999
minecraft;yellow_dye;minecraft;yellow.dye;true;true;true;999999999999
minecraft;yellow_glazed_terracotta;minecraft;yellow.gla.t;true;true;true;999999999999
minecraft;yellow_shulker_box;minecraft;yellow.shu.b;true;true;true;999999999999
minecraft;yellow_stained_glass;minecraft;yellow.sta.g;true;true;true;999999999999
minecraft;yellow_stained_glass_pane;minecraft;yellow.sta.1;true;true;true;999999999999
minecraft;yellow_terracotta;minecraft;yellow.terra;true;true;true;999999999999
minecraft;yellow_wool;minecraft;yellow.wool;true;true;true;999999999999
minecraft;zombie_head;minecraft;zombie.head;true;true;true;999999999999
minecraft;zombie_horse_spawn_egg;minecraft;zombie.hor.s;true;true;true;999999999999
minecraft;zombie_pigman_spawn_egg;minecraft;zombie.pig.s;true;true;true;999999999999
minecraft;zombie_spawn_egg;minecraft;zombie.spa.e;true;true;true;999999999999
minecraft;zombie_villager_spawn_egg;minecraft;zombie.vil.s;true;true;true;999999999999