src_id,src_name,category,token_name,fungible,burnable,transferable,max_supply
27326,ACACIA_BOAT,minecraft,acacia.boat,true,true,true,999999999999
13993,ACACIA_BUTTON,minecraft,acacia.butto,true,true,true,999999999999
23797,ACACIA_DOOR,minecraft,acacia.door,true,true,true,999999999999
4569,ACACIA_FENCE,minecraft,acacia.fence,true,true,true,999999999999
14145,ACACIA_FENCE_GATE,minecraft,acacia.fen.g,true,true,true,999999999999
16606,ACACIA_LEAVES,minecraft,acacia.leave,true,true,true,999999999999
8385,ACACIA_LOG,minecraft,acacia.log,true,true,true,999999999999
31312,ACACIA_PLANKS,minecraft,acacia.plank,true,true,true,999999999999
17586,ACACIA_PRESSURE_PLATE,minecraft,acacia.pre.p,true,true,true,999999999999
20806,ACACIA_SAPLING,minecraft,acacia.sapli,true,true,true,999999999999
23730,ACACIA_SLAB,minecraft,acacia.slab,true,true,true,999999999999
17453,ACACIA_STAIRS,minecraft,acacia.stair,true,true,true,999999999999
18343,ACACIA_TRAPDOOR,minecraft,acacia.trapd,true,true,true,999999999999
9541,ACACIA_WOOD,minecraft,acacia.wood,true,true,true,999999999999
5834,ACTIVATOR_RAIL,minecraft,activator.ra,true,true,true,999999999999
9648,AIR,minecraft,air,true,true,true,999999999999
6871,ALLIUM,minecraft,allium,true,true,true,999999999999
25975,ANDESITE,minecraft,andesite,true,true,true,999999999999
18718,ANVIL,minecraft,anvil,true,true,true,999999999999
7720,APPLE,minecraft,apple,true,true,true,999999999999
12852,ARMOR_STAND,minecraft,armor.stand,true,true,true,999999999999
31091,ARROW,minecraft,arrow,true,true,true,999999999999
17608,AZURE_BLUET,minecraft,azure.bluet,true,true,true,999999999999
14624,BAKED_POTATO,minecraft,baked.potato,true,true,true,999999999999
26453,BARRIER,minecraft,barrier,true,true,true,999999999999
14607,BAT_SPAWN_EGG,minecraft,bat.spa.egg,true,true,true,999999999999
6608,BEACON,minecraft,beacon,true,true,true,999999999999
23130,BEDROCK,minecraft,bedrock,true,true,true,999999999999
4803,BEEF,minecraft,beef,true,true,true,999999999999
23305,BEETROOT,minecraft,beetroot,true,true,true,999999999999
21282,BEETROOT_SEEDS,minecraft,beetroot.see,true,true,true,999999999999
16036,BEETROOT_SOUP,minecraft,beetroot.sou,true,true,true,999999999999
28104,BIRCH_BOAT,minecraft,birch.boat,true,true,true,999999999999
26934,BIRCH_BUTTON,minecraft,birch.button,true,true,true,999999999999
14759,BIRCH_DOOR,minecraft,birch.door,true,true,true,999999999999
17347,BIRCH_FENCE,minecraft,birch.fence,true,true,true,999999999999
6322,BIRCH_FENCE_GATE,minecraft,birch.fen.ga,true,true,true,999999999999
12601,BIRCH_LEAVES,minecraft,birch.leaves,true,true,true,999999999999
26727,BIRCH_LOG,minecraft,birch.log,true,true,true,999999999999
29322,BIRCH_PLANKS,minecraft,birch.planks,true,true,true,999999999999
9664,BIRCH_PRESSURE_PLATE,minecraft,birch.pre.pl,true,true,true,999999999999
31533,BIRCH_SAPLING,minecraft,birch.saplin,true,true,true,999999999999
13807,BIRCH_SLAB,minecraft,birch.slab,true,true,true,999999999999
7657,BIRCH_STAIRS,minecraft,birch.stairs,true,true,true,999999999999
32585,BIRCH_TRAPDOOR,minecraft,birch.trapdo,true,true,true,999999999999
20913,BIRCH_WOOD,minecraft,birch.wood,true,true,true,999999999999
9365,BLACK_BANNER,minecraft,black.banner,true,true,true,999999999999
20490,BLACK_BED,minecraft,black.bed,true,true,true,999999999999
6056,BLACK_CARPET,minecraft,black.carpet,true,true,true,999999999999
13338,BLACK_CONCRETE,minecraft,black.concre,true,true,true,999999999999
16150,BLACK_CONCRETE_POWDER,minecraft,black.con.po,true,true,true,999999999999
29678,BLACK_GLAZED_TERRACOTTA,minecraft,black.gla.te,true,true,true,999999999999
24076,BLACK_SHULKER_BOX,minecraft,black.shu.bo,true,true,true,999999999999
13941,BLACK_STAINED_GLASS,minecraft,black.sta.gl,true,true,true,999999999999
13201,BLACK_STAINED_GLASS_PANE,minecraft,black.sta.g1,true,true,true,999999999999
26691,BLACK_TERRACOTTA,minecraft,black.terrac,true,true,true,999999999999
16693,BLACK_WOOL,minecraft,black.wool,true,true,true,999999999999
18941,BLAZE_POWDER,minecraft,blaze.powder,true,true,true,999999999999
8289,BLAZE_ROD,minecraft,blaze.rod,true,true,true,999999999999
4759,BLAZE_SPAWN_EGG,minecraft,blaze.spa.eg,true,true,true,999999999999
18481,BLUE_BANNER,minecraft,blue.banner,true,true,true,999999999999
12714,BLUE_BED,minecraft,blue.bed,true,true,true,999999999999
13292,BLUE_CARPET,minecraft,blue.carpet,true,true,true,999999999999
18756,BLUE_CONCRETE,minecraft,blue.concret,true,true,true,999999999999
17773,BLUE_CONCRETE_POWDER,minecraft,blue.con.pow,true,true,true,999999999999
23823,BLUE_GLAZED_TERRACOTTA,minecraft,blue.gla.ter,true,true,true,999999999999
22449,BLUE_ICE,minecraft,blue.ice,true,true,true,999999999999
13432,BLUE_ORCHID,minecraft,blue.orchid,true,true,true,999999999999
11476,BLUE_SHULKER_BOX,minecraft,blue.shu.box,true,true,true,999999999999
7107,BLUE_STAINED_GLASS,minecraft,blue.sta.gla,true,true,true,999999999999
28484,BLUE_STAINED_GLASS_PANE,minecraft,blue.sta.gl1,true,true,true,999999999999
5236,BLUE_TERRACOTTA,minecraft,blue.terraco,true,true,true,999999999999
15738,BLUE_WOOL,minecraft,blue.wool,true,true,true,999999999999
5686,BONE,minecraft,bone,true,true,true,999999999999
17312,BONE_BLOCK,minecraft,bone.block,true,true,true,999999999999
32458,BONE_MEAL,minecraft,bone.meal,true,true,true,999999999999
23097,BOOK,minecraft,book,true,true,true,999999999999
10069,BOOKSHELF,minecraft,bookshelf,true,true,true,999999999999
8745,BOW,minecraft,bow,true,true,true,999999999999
32661,BOWL,minecraft,bowl,true,true,true,999999999999
31316,BRAIN_CORAL,minecraft,brain.coral,true,true,true,999999999999
30618,BRAIN_CORAL_BLOCK,minecraft,brain.cor.bl,true,true,true,999999999999
13849,BRAIN_CORAL_FAN,minecraft,brain.cor.fa,true,true,true,999999999999
32049,BREAD,minecraft,bread,true,true,true,999999999999
14539,BREWING_STAND,minecraft,brewing.stan,true,true,true,999999999999
6820,BRICK,minecraft,brick,true,true,true,999999999999
14165,BRICKS,minecraft,bricks,true,true,true,999999999999
26333,BRICK_SLAB,minecraft,brick.slab,true,true,true,999999999999
21534,BRICK_STAIRS,minecraft,brick.stairs,true,true,true,999999999999
11481,BROWN_BANNER,minecraft,brown.banner,true,true,true,999999999999
25624,BROWN_BED,minecraft,brown.bed,true,true,true,999999999999
23352,BROWN_CARPET,minecraft,brown.carpet,true,true,true,999999999999
19006,BROWN_CONCRETE,minecraft,brown.concre,true,true,true,999999999999
21485,BROWN_CONCRETE_POWDER,minecraft,brown.con.po,true,true,true,999999999999
5655,BROWN_GLAZED_TERRACOTTA,minecraft,brown.gla.te,true,true,true,999999999999
9665,BROWN_MUSHROOM,minecraft,brown.mushro,true,true,true,999999999999
6291,BROWN_MUSHROOM_BLOCK,minecraft,brown.mus.bl,true,true,true,999999999999
24230,BROWN_SHULKER_BOX,minecraft,brown.shu.bo,true,true,true,999999999999
20945,BROWN_STAINED_GLASS,minecraft,brown.sta.gl,true,true,true,999999999999
17557,BROWN_STAINED_GLASS_PANE,minecraft,brown.sta.g1,true,true,true,999999999999
23664,BROWN_TERRACOTTA,minecraft,brown.terrac,true,true,true,999999999999
32638,BROWN_WOOL,minecraft,brown.wool,true,true,true,999999999999
12464,BUBBLE_CORAL,minecraft,bubble.coral,true,true,true,999999999999
15437,BUBBLE_CORAL_BLOCK,minecraft,bubble.cor.b,true,true,true,999999999999
10795,BUBBLE_CORAL_FAN,minecraft,bubble.cor.f,true,true,true,999999999999
15215,BUCKET,minecraft,bucket,true,true,true,999999999999
12191,CACTUS,minecraft,cactus,true,true,true,999999999999
17296,CACTUS_GREEN,minecraft,cactus.green,true,true,true,999999999999
27048,CAKE,minecraft,cake,true,true,true,999999999999
22824,CARROT,minecraft,carrot,true,true,true,999999999999
27809,CARROT_ON_A_STICK,minecraft,carrot.on.as,true,true,true,999999999999
25833,CARVED_PUMPKIN,minecraft,carved.pumpk,true,true,true,999999999999
26531,CAULDRON,minecraft,cauldron,true,true,true,999999999999
23341,CAVE_SPIDER_SPAWN_EGG,minecraft,cave.spi.spa,true,true,true,999999999999
17953,CHAINMAIL_BOOTS,minecraft,chainmail.bo,true,true,true,999999999999
23602,CHAINMAIL_CHESTPLATE,minecraft,chainmail.ch,true,true,true,999999999999
26114,CHAINMAIL_HELMET,minecraft,chainmail.he,true,true,true,999999999999
19087,CHAINMAIL_LEGGINGS,minecraft,chainmail.le,true,true,true,999999999999
26798,CHAIN_COMMAND_BLOCK,minecraft,chain.com.bl,true,true,true,999999999999
5390,CHARCOAL,minecraft,charcoal,true,true,true,999999999999
22969,CHEST,minecraft,chest,true,true,true,999999999999
4497,CHEST_MINECART,minecraft,chest.mineca,true,true,true,999999999999
17281,CHICKEN,minecraft,chicken,true,true,true,999999999999
5462,CHICKEN_SPAWN_EGG,minecraft,chicken.spae,true,true,true,999999999999
10623,CHIPPED_ANVIL,minecraft,chipped.anvi,true,true,true,999999999999
30964,CHISELED_QUARTZ_BLOCK,minecraft,chiseled.qua,true,true,true,999999999999
15529,CHISELED_RED_SANDSTONE,minecraft,chiseled.red,true,true,true,999999999999
31763,CHISELED_SANDSTONE,minecraft,chiseled.san,true,true,true,999999999999
9087,CHISELED_STONE_BRICKS,minecraft,chiseled.sto,true,true,true,999999999999
28542,CHORUS_FLOWER,minecraft,chorus.flowe,true,true,true,999999999999
7652,CHORUS_FRUIT,minecraft,chorus.fruit,true,true,true,999999999999
28243,CHORUS_PLANT,minecraft,chorus.plant,true,true,true,999999999999
27880,CLAY,minecraft,clay,true,true,true,999999999999
24603,CLAY_BALL,minecraft,clay.ball,true,true,true,999999999999
14980,CLOCK,minecraft,clock,true,true,true,999999999999
29067,COAL,minecraft,coal,true,true,true,999999999999
27968,COAL_BLOCK,minecraft,coal.block,true,true,true,999999999999
30965,COAL_ORE,minecraft,coal.ore,true,true,true,999999999999
15411,COARSE_DIRT,minecraft,coarse.dirt,true,true,true,999999999999
32147,COBBLESTONE,minecraft,cobblestone,true,true,true,999999999999
6340,COBBLESTONE_SLAB,minecraft,cobblestones,true,true,true,999999999999
24715,COBBLESTONE_STAIRS,minecraft,cobblestone1,true,true,true,999999999999
12616,COBBLESTONE_WALL,minecraft,cobblestonew,true,true,true,999999999999
9469,COBWEB,minecraft,cobweb,true,true,true,999999999999
27381,COCOA_BEANS,minecraft,cocoa.beans,true,true,true,999999999999
24691,COD,minecraft,cod,true,true,true,999999999999
28601,COD_BUCKET,minecraft,cod.bucket,true,true,true,999999999999
27248,COD_SPAWN_EGG,minecraft,cod.spa.egg,true,true,true,999999999999
4355,COMMAND_BLOCK,minecraft,command.bloc,true,true,true,999999999999
7992,COMMAND_BLOCK_MINECART,minecraft,command.blom,true,true,true,999999999999
18911,COMPARATOR,minecraft,comparator,true,true,true,999999999999
24139,COMPASS,minecraft,compass,true,true,true,999999999999
5148,CONDUIT,minecraft,conduit,true,true,true,999999999999
21595,COOKED_BEEF,minecraft,cooked.beef,true,true,true,999999999999
20780,COOKED_CHICKEN,minecraft,cooked.chick,true,true,true,999999999999
9681,COOKED_COD,minecraft,cooked.cod,true,true,true,999999999999
31447,COOKED_MUTTON,minecraft,cooked.mutto,true,true,true,999999999999
27231,COOKED_PORKCHOP,minecraft,cooked.porkc,true,true,true,999999999999
4454,COOKED_RABBIT,minecraft,cooked.rabbi,true,true,true,999999999999
5615,COOKED_SALMON,minecraft,cooked.salmo,true,true,true,999999999999
27431,COOKIE,minecraft,cookie,true,true,true,999999999999
14761,COW_SPAWN_EGG,minecraft,cow.spa.egg,true,true,true,999999999999
27869,CRACKED_STONE_BRICKS,minecraft,cracked.stob,true,true,true,999999999999
20706,CRAFTING_TABLE,minecraft,crafting.tab,true,true,true,999999999999
29146,CREEPER_HEAD,minecraft,creeper.head,true,true,true,999999999999
9653,CREEPER_SPAWN_EGG,minecraft,creeper.spae,true,true,true,999999999999
26842,CUT_RED_SANDSTONE,minecraft,cut.red.sand,true,true,true,999999999999
6118,CUT_SANDSTONE,minecraft,cut.sandston,true,true,true,999999999999
9839,CYAN_BANNER,minecraft,cyan.banner,true,true,true,999999999999
16746,CYAN_BED,minecraft,cyan.bed,true,true,true,999999999999
31495,CYAN_CARPET,minecraft,cyan.carpet,true,true,true,999999999999
26522,CYAN_CONCRETE,minecraft,cyan.concret,true,true,true,999999999999
15734,CYAN_CONCRETE_POWDER,minecraft,cyan.con.pow,true,true,true,999999999999
8043,CYAN_DYE,minecraft,cyan.dye,true,true,true,999999999999
9550,CYAN_GLAZED_TERRACOTTA,minecraft,cyan.gla.ter,true,true,true,999999999999
28123,CYAN_SHULKER_BOX,minecraft,cyan.shu.box,true,true,true,999999999999
30604,CYAN_STAINED_GLASS,minecraft,cyan.sta.gla,true,true,true,999999999999
11784,CYAN_STAINED_GLASS_PANE,minecraft,cyan.sta.gl1,true,true,true,999999999999
25940,CYAN_TERRACOTTA,minecraft,cyan.terraco,true,true,true,999999999999
12221,CYAN_WOOL,minecraft,cyan.wool,true,true,true,999999999999
10274,DAMAGED_ANVIL,minecraft,damaged.anvi,true,true,true,999999999999
30558,DANDELION,minecraft,dandelion,true,true,true,999999999999
21789,DANDELION_YELLOW,minecraft,dandelion.ye,true,true,true,999999999999
28618,DARK_OAK_BOAT,minecraft,dark.oak.boa,true,true,true,999999999999
6214,DARK_OAK_BUTTON,minecraft,dark.oak.but,true,true,true,999999999999
10669,DARK_OAK_DOOR,minecraft,dark.oak.doo,true,true,true,999999999999
21767,DARK_OAK_FENCE,minecraft,dark.oak.fen,true,true,true,999999999999
10679,DARK_OAK_FENCE_GATE,minecraft,dark.oak.fe1,true,true,true,999999999999
22254,DARK_OAK_LEAVES,minecraft,dark.oak.lea,true,true,true,999999999999
14831,DARK_OAK_LOG,minecraft,dark.oak.log,true,true,true,999999999999
20869,DARK_OAK_PLANKS,minecraft,dark.oak.pla,true,true,true,999999999999
31375,DARK_OAK_PRESSURE_PLATE,minecraft,dark.oak.pre,true,true,true,999999999999
14933,DARK_OAK_SAPLING,minecraft,dark.oak.sap,true,true,true,999999999999
28852,DARK_OAK_SLAB,minecraft,dark.oak.sla,true,true,true,999999999999
22921,DARK_OAK_STAIRS,minecraft,dark.oak.sta,true,true,true,999999999999
10355,DARK_OAK_TRAPDOOR,minecraft,dark.oak.tra,true,true,true,999999999999
16995,DARK_OAK_WOOD,minecraft,dark.oak.woo,true,true,true,999999999999
19940,DARK_PRISMARINE,minecraft,dark.prismar,true,true,true,999999999999
7577,DARK_PRISMARINE_SLAB,minecraft,dark.pri.sla,true,true,true,999999999999
26511,DARK_PRISMARINE_STAIRS,minecraft,dark.pri.sta,true,true,true,999999999999
8864,DAYLIGHT_DETECTOR,minecraft,daylight.det,true,true,true,999999999999
9116,DEAD_BRAIN_CORAL,minecraft,dead.bra.cor,true,true,true,999999999999
12979,DEAD_BRAIN_CORAL_BLOCK,minecraft,dead.bra.co1,true,true,true,999999999999
26150,DEAD_BRAIN_CORAL_FAN,minecraft,dead.bra.co2,true,true,true,999999999999
30583,DEAD_BUBBLE_CORAL,minecraft,dead.bub.cor,true,true,true,999999999999
28220,DEAD_BUBBLE_CORAL_BLOCK,minecraft,dead.bub.co1,true,true,true,999999999999
17322,DEAD_BUBBLE_CORAL_FAN,minecraft,dead.bub.co2,true,true,true,999999999999
22888,DEAD_BUSH,minecraft,dead.bush,true,true,true,999999999999
8365,DEAD_FIRE_CORAL,minecraft,dead.fir.cor,true,true,true,999999999999
5307,DEAD_FIRE_CORAL_BLOCK,minecraft,dead.fir.co1,true,true,true,999999999999
27073,DEAD_FIRE_CORAL_FAN,minecraft,dead.fir.co2,true,true,true,999999999999
5755,DEAD_HORN_CORAL,minecraft,dead.hor.cor,true,true,true,999999999999
15103,DEAD_HORN_CORAL_BLOCK,minecraft,dead.hor.co1,true,true,true,999999999999
11387,DEAD_HORN_CORAL_FAN,minecraft,dead.hor.co2,true,true,true,999999999999
18028,DEAD_TUBE_CORAL,minecraft,dead.tub.cor,true,true,true,999999999999
28350,DEAD_TUBE_CORAL_BLOCK,minecraft,dead.tub.co1,true,true,true,999999999999
17628,DEAD_TUBE_CORAL_FAN,minecraft,dead.tub.co2,true,true,true,999999999999
24562,DEBUG_STICK,minecraft,debug.stick,true,true,true,999999999999
13475,DETECTOR_RAIL,minecraft,detector.rai,true,true,true,999999999999
20865,DIAMOND,minecraft,diamond,true,true,true,999999999999
27277,DIAMOND_AXE,minecraft,diamond.axe,true,true,true,999999999999
5944,DIAMOND_BLOCK,minecraft,diamond.bloc,true,true,true,999999999999
16522,DIAMOND_BOOTS,minecraft,diamond.boot,true,true,true,999999999999
32099,DIAMOND_CHESTPLATE,minecraft,diamond.ches,true,true,true,999999999999
10755,DIAMOND_HELMET,minecraft,diamond.helm,true,true,true,999999999999
24050,DIAMOND_HOE,minecraft,diamond.hoe,true,true,true,999999999999
10321,DIAMOND_HORSE_ARMOR,minecraft,diamond.hora,true,true,true,999999999999
11202,DIAMOND_LEGGINGS,minecraft,diamond.legg,true,true,true,999999999999
9292,DIAMOND_ORE,minecraft,diamond.ore,true,true,true,999999999999
24291,DIAMOND_PICKAXE,minecraft,diamond.pick,true,true,true,999999999999
25415,DIAMOND_SHOVEL,minecraft,diamond.shov,true,true,true,999999999999
27707,DIAMOND_SWORD,minecraft,diamond.swor,true,true,true,999999999999
24688,DIORITE,minecraft,diorite,true,true,true,999999999999
10580,DIRT,minecraft,dirt,true,true,true,999999999999
20871,DISPENSER,minecraft,dispenser,true,true,true,999999999999
20787,DOLPHIN_SPAWN_EGG,minecraft,dolphin.spae,true,true,true,999999999999
14513,DONKEY_SPAWN_EGG,minecraft,donkey.spa.e,true,true,true,999999999999
20154,DRAGON_BREATH,minecraft,dragon.breat,true,true,true,999999999999
29946,DRAGON_EGG,minecraft,dragon.egg,true,true,true,999999999999
20084,DRAGON_HEAD,minecraft,dragon.head,true,true,true,999999999999
21042,DRIED_KELP,minecraft,dried.kelp,true,true,true,999999999999
12966,DRIED_KELP_BLOCK,minecraft,dried.kel.bl,true,true,true,999999999999
31273,DROPPER,minecraft,dropper,true,true,true,999999999999
19368,DROWNED_SPAWN_EGG,minecraft,drowned.spae,true,true,true,999999999999
21603,EGG,minecraft,egg,true,true,true,999999999999
11418,ELDER_GUARDIAN_SPAWN_EGG,minecraft,elder.gua.sp,true,true,true,999999999999
23829,ELYTRA,minecraft,elytra,true,true,true,999999999999
5654,EMERALD,minecraft,emerald,true,true,true,999999999999
9914,EMERALD_BLOCK,minecraft,emerald.bloc,true,true,true,999999999999
16630,EMERALD_ORE,minecraft,emerald.ore,true,true,true,999999999999
11741,ENCHANTED_BOOK,minecraft,enchanted.bo,true,true,true,999999999999
8280,ENCHANTED_GOLDEN_APPLE,minecraft,enchanted.go,true,true,true,999999999999
16255,ENCHANTING_TABLE,minecraft,enchanting.t,true,true,true,999999999999
29488,ENDERMAN_SPAWN_EGG,minecraft,enderman.spa,true,true,true,999999999999
16617,ENDERMITE_SPAWN_EGG,minecraft,endermite.sp,true,true,true,999999999999
32349,ENDER_CHEST,minecraft,ender.chest,true,true,true,999999999999
24860,ENDER_EYE,minecraft,ender.eye,true,true,true,999999999999
5259,ENDER_PEARL,minecraft,ender.pearl,true,true,true,999999999999
19090,END_CRYSTAL,minecraft,end.crystal,true,true,true,999999999999
15480,END_PORTAL_FRAME,minecraft,end.por.fram,true,true,true,999999999999
24832,END_ROD,minecraft,end.rod,true,true,true,999999999999
29686,END_STONE,minecraft,end.stone,true,true,true,999999999999
20314,END_STONE_BRICKS,minecraft,end.sto.bric,true,true,true,999999999999
21271,EVOKER_SPAWN_EGG,minecraft,evoker.spa.e,true,true,true,999999999999
12858,EXPERIENCE_BOTTLE,minecraft,experience.b,true,true,true,999999999999
31166,FARMLAND,minecraft,farmland,true,true,true,999999999999
30548,FEATHER,minecraft,feather,true,true,true,999999999999
19386,FERMENTED_SPIDER_EYE,minecraft,fermented.sp,true,true,true,999999999999
15794,FERN,minecraft,fern,true,true,true,999999999999
23504,FILLED_MAP,minecraft,filled.map,true,true,true,999999999999
23841,FIREWORK_ROCKET,minecraft,firework.roc,true,true,true,999999999999
12190,FIREWORK_STAR,minecraft,firework.sta,true,true,true,999999999999
4842,FIRE_CHARGE,minecraft,fire.charge,true,true,true,999999999999
29151,FIRE_CORAL,minecraft,fire.coral,true,true,true,999999999999
12119,FIRE_CORAL_BLOCK,minecraft,fire.cor.blo,true,true,true,999999999999
11112,FIRE_CORAL_FAN,minecraft,fire.cor.fan,true,true,true,999999999999
4167,FISHING_ROD,minecraft,fishing.rod,true,true,true,999999999999
23596,FLINT,minecraft,flint,true,true,true,999999999999
28620,FLINT_AND_STEEL,minecraft,flint.and.st,true,true,true,999999999999
30567,FLOWER_POT,minecraft,flower.pot,true,true,true,999999999999
8133,FURNACE,minecraft,furnace,true,true,true,999999999999
14196,FURNACE_MINECART,minecraft,furnace.mine,true,true,true,999999999999
9970,GHAST_SPAWN_EGG,minecraft,ghast.spa.eg,true,true,true,999999999999
18222,GHAST_TEAR,minecraft,ghast.tear,true,true,true,999999999999
6195,GLASS,minecraft,glass,true,true,true,999999999999
6116,GLASS_BOTTLE,minecraft,glass.bottle,true,true,true,999999999999
5709,GLASS_PANE,minecraft,glass.pane,true,true,true,999999999999
20158,GLISTERING_MELON_SLICE,minecraft,glistering.m,true,true,true,999999999999
32713,GLOWSTONE,minecraft,glowstone,true,true,true,999999999999
6665,GLOWSTONE_DUST,minecraft,glowstone.du,true,true,true,999999999999
27732,GOLDEN_APPLE,minecraft,golden.apple,true,true,true,999999999999
4878,GOLDEN_AXE,minecraft,golden.axe,true,true,true,999999999999
7859,GOLDEN_BOOTS,minecraft,golden.boots,true,true,true,999999999999
5300,GOLDEN_CARROT,minecraft,golden.carro,true,true,true,999999999999
4507,GOLDEN_CHESTPLATE,minecraft,golden.chest,true,true,true,999999999999
7945,GOLDEN_HELMET,minecraft,golden.helme,true,true,true,999999999999
19337,GOLDEN_HOE,minecraft,golden.hoe,true,true,true,999999999999
7996,GOLDEN_HORSE_ARMOR,minecraft,golden.hor.a,true,true,true,999999999999
21002,GOLDEN_LEGGINGS,minecraft,golden.leggi,true,true,true,999999999999
10901,GOLDEN_PICKAXE,minecraft,golden.picka,true,true,true,999999999999
15597,GOLDEN_SHOVEL,minecraft,golden.shove,true,true,true,999999999999
10505,GOLDEN_SWORD,minecraft,golden.sword,true,true,true,999999999999
27392,GOLD_BLOCK,minecraft,gold.block,true,true,true,999999999999
28927,GOLD_INGOT,minecraft,gold.ingot,true,true,true,999999999999
28814,GOLD_NUGGET,minecraft,gold.nugget,true,true,true,999999999999
32625,GOLD_ORE,minecraft,gold.ore,true,true,true,999999999999
21091,GRANITE,minecraft,granite,true,true,true,999999999999
6155,GRASS,minecraft,grass,true,true,true,999999999999
28346,GRASS_BLOCK,minecraft,grass.block,true,true,true,999999999999
8604,GRASS_PATH,minecraft,grass.path,true,true,true,999999999999
7804,GRAVEL,minecraft,gravel,true,true,true,999999999999
12053,GRAY_BANNER,minecraft,gray.banner,true,true,true,999999999999
15745,GRAY_BED,minecraft,gray.bed,true,true,true,999999999999
26991,GRAY_CARPET,minecraft,gray.carpet,true,true,true,999999999999
13959,GRAY_CONCRETE,minecraft,gray.concret,true,true,true,999999999999
13031,GRAY_CONCRETE_POWDER,minecraft,gray.con.pow,true,true,true,999999999999
9184,GRAY_DYE,minecraft,gray.dye,true,true,true,999999999999
6256,GRAY_GLAZED_TERRACOTTA,minecraft,gray.gla.ter,true,true,true,999999999999
12754,GRAY_SHULKER_BOX,minecraft,gray.shu.box,true,true,true,999999999999
29979,GRAY_STAINED_GLASS,minecraft,gray.sta.gla,true,true,true,999999999999
25272,GRAY_STAINED_GLASS_PANE,minecraft,gray.sta.gl1,true,true,true,999999999999
18004,GRAY_TERRACOTTA,minecraft,gray.terraco,true,true,true,999999999999
27209,GRAY_WOOL,minecraft,gray.wool,true,true,true,999999999999
10698,GREEN_BANNER,minecraft,green.banner,true,true,true,999999999999
13797,GREEN_BED,minecraft,green.bed,true,true,true,999999999999
7780,GREEN_CARPET,minecraft,green.carpet,true,true,true,999999999999
17949,GREEN_CONCRETE,minecraft,green.concre,true,true,true,999999999999
6904,GREEN_CONCRETE_POWDER,minecraft,green.con.po,true,true,true,999999999999
6958,GREEN_GLAZED_TERRACOTTA,minecraft,green.gla.te,true,true,true,999999999999
9377,GREEN_SHULKER_BOX,minecraft,green.shu.bo,true,true,true,999999999999
22503,GREEN_STAINED_GLASS,minecraft,green.sta.gl,true,true,true,999999999999
4767,GREEN_STAINED_GLASS_PANE,minecraft,green.sta.g1,true,true,true,999999999999
4105,GREEN_TERRACOTTA,minecraft,green.terrac,true,true,true,999999999999
25085,GREEN_WOOL,minecraft,green.wool,true,true,true,999999999999
20113,GUARDIAN_SPAWN_EGG,minecraft,guardian.spa,true,true,true,999999999999
29974,GUNPOWDER,minecraft,gunpowder,true,true,true,999999999999
17461,HAY_BLOCK,minecraft,hay.block,true,true,true,999999999999
11807,HEART_OF_THE_SEA,minecraft,heart.of.the,true,true,true,999999999999
16970,HEAVY_WEIGHTED_PRESSURE_PLATE,minecraft,heavy.wei.pr,true,true,true,999999999999
31974,HOPPER,minecraft,hopper,true,true,true,999999999999
19024,HOPPER_MINECART,minecraft,hopper.minec,true,true,true,999999999999
19511,HORN_CORAL,minecraft,horn.coral,true,true,true,999999999999
19958,HORN_CORAL_BLOCK,minecraft,horn.cor.blo,true,true,true,999999999999
13610,HORN_CORAL_FAN,minecraft,horn.cor.fan,true,true,true,999999999999
25981,HORSE_SPAWN_EGG,minecraft,horse.spa.eg,true,true,true,999999999999
20178,HUSK_SPAWN_EGG,minecraft,husk.spa.egg,true,true,true,999999999999
30428,ICE,minecraft,ice,true,true,true,999999999999
4728,INFESTED_CHISELED_STONE_BRICKS,minecraft,infested.chi,true,true,true,999999999999
28798,INFESTED_COBBLESTONE,minecraft,infested.cob,true,true,true,999999999999
7476,INFESTED_CRACKED_STONE_BRICKS,minecraft,infested.cra,true,true,true,999999999999
9850,INFESTED_MOSSY_STONE_BRICKS,minecraft,infested.mos,true,true,true,999999999999
18440,INFESTED_STONE,minecraft,infested.sto,true,true,true,999999999999
19749,INFESTED_STONE_BRICKS,minecraft,infested.st1,true,true,true,999999999999
7184,INK_SAC,minecraft,ink.sac,true,true,true,999999999999
15894,IRON_AXE,minecraft,iron.axe,true,true,true,999999999999
9378,IRON_BARS,minecraft,iron.bars,true,true,true,999999999999
24754,IRON_BLOCK,minecraft,iron.block,true,true,true,999999999999
8531,IRON_BOOTS,minecraft,iron.boots,true,true,true,999999999999
28112,IRON_CHESTPLATE,minecraft,iron.chestpl,true,true,true,999999999999
4788,IRON_DOOR,minecraft,iron.door,true,true,true,999999999999
12025,IRON_HELMET,minecraft,iron.helmet,true,true,true,999999999999
11339,IRON_HOE,minecraft,iron.hoe,true,true,true,999999999999
30108,IRON_HORSE_ARMOR,minecraft,iron.hor.arm,true,true,true,999999999999
24895,IRON_INGOT,minecraft,iron.ingot,true,true,true,999999999999
18951,IRON_LEGGINGS,minecraft,iron.legging,true,true,true,999999999999
13715,IRON_NUGGET,minecraft,iron.nugget,true,true,true,999999999999
19834,IRON_ORE,minecraft,iron.ore,true,true,true,999999999999
8842,IRON_PICKAXE,minecraft,iron.pickaxe,true,true,true,999999999999
30045,IRON_SHOVEL,minecraft,iron.shovel,true,true,true,999999999999
10904,IRON_SWORD,minecraft,iron.sword,true,true,true,999999999999
17095,IRON_TRAPDOOR,minecraft,iron.trapdoo,true,true,true,999999999999
27318,ITEM_FRAME,minecraft,item.frame,true,true,true,999999999999
31612,JACK_O_LANTERN,minecraft,jack.o.lante,true,true,true,999999999999
19264,JUKEBOX,minecraft,jukebox,true,true,true,999999999999
4495,JUNGLE_BOAT,minecraft,jungle.boat,true,true,true,999999999999
25317,JUNGLE_BUTTON,minecraft,jungle.butto,true,true,true,999999999999
28163,JUNGLE_DOOR,minecraft,jungle.door,true,true,true,999999999999
14358,JUNGLE_FENCE,minecraft,jungle.fence,true,true,true,999999999999
21360,JUNGLE_FENCE_GATE,minecraft,jungle.fen.g,true,true,true,999999999999
5133,JUNGLE_LEAVES,minecraft,jungle.leave,true,true,true,999999999999
20721,JUNGLE_LOG,minecraft,jungle.log,true,true,true,999999999999
26445,JUNGLE_PLANKS,minecraft,jungle.plank,true,true,true,999999999999
11376,JUNGLE_PRESSURE_PLATE,minecraft,jungle.pre.p,true,true,true,999999999999
17951,JUNGLE_SAPLING,minecraft,jungle.sapli,true,true,true,999999999999
19117,JUNGLE_SLAB,minecraft,jungle.slab,true,true,true,999999999999
20636,JUNGLE_STAIRS,minecraft,jungle.stair,true,true,true,999999999999
8626,JUNGLE_TRAPDOOR,minecraft,jungle.trapd,true,true,true,999999999999
10341,JUNGLE_WOOD,minecraft,jungle.wood,true,true,true,999999999999
21916,KELP,minecraft,kelp,true,true,true,999999999999
12646,KNOWLEDGE_BOOK,minecraft,knowledge.bo,true,true,true,999999999999
23599,LADDER,minecraft,ladder,true,true,true,999999999999
14485,LAPIS_BLOCK,minecraft,lapis.block,true,true,true,999999999999
11075,LAPIS_LAZULI,minecraft,lapis.lazuli,true,true,true,999999999999
22934,LAPIS_ORE,minecraft,lapis.ore,true,true,true,999999999999
30177,LARGE_FERN,minecraft,large.fern,true,true,true,999999999999
9228,LAVA_BUCKET,minecraft,lava.bucket,true,true,true,999999999999
29539,LEAD,minecraft,lead,true,true,true,999999999999
16414,LEATHER,minecraft,leather,true,true,true,999999999999
15282,LEATHER_BOOTS,minecraft,leather.boot,true,true,true,999999999999
29275,LEATHER_CHESTPLATE,minecraft,leather.ches,true,true,true,999999999999
11624,LEATHER_HELMET,minecraft,leather.helm,true,true,true,999999999999
28210,LEATHER_LEGGINGS,minecraft,leather.legg,true,true,true,999999999999
15319,LEVER,minecraft,lever,true,true,true,999999999999
18060,LIGHT_BLUE_BANNER,minecraft,light.blu.ba,true,true,true,999999999999
20957,LIGHT_BLUE_BED,minecraft,light.blu.be,true,true,true,999999999999
21194,LIGHT_BLUE_CARPET,minecraft,light.blu.ca,true,true,true,999999999999
29481,LIGHT_BLUE_CONCRETE,minecraft,light.blu.co,true,true,true,999999999999
31206,LIGHT_BLUE_CONCRETE_POWDER,minecraft,light.blu.c1,true,true,true,999999999999
28738,LIGHT_BLUE_DYE,minecraft,light.blu.dy,true,true,true,999999999999
4336,LIGHT_BLUE_GLAZED_TERRACOTTA,minecraft,light.blu.gl,true,true,true,999999999999
18226,LIGHT_BLUE_SHULKER_BOX,minecraft,light.blu.sh,true,true,true,999999999999
17162,LIGHT_BLUE_STAINED_GLASS,minecraft,light.blu.st,true,true,true,999999999999
18721,LIGHT_BLUE_STAINED_GLASS_PANE,minecraft,light.blu.s1,true,true,true,999999999999
31779,LIGHT_BLUE_TERRACOTTA,minecraft,light.blu.te,true,true,true,999999999999
21073,LIGHT_BLUE_WOOL,minecraft,light.blu.wo,true,true,true,999999999999
11417,LIGHT_GRAY_BANNER,minecraft,light.gra.ba,true,true,true,999999999999
5090,LIGHT_GRAY_BED,minecraft,light.gra.be,true,true,true,999999999999
11317,LIGHT_GRAY_CARPET,minecraft,light.gra.ca,true,true,true,999999999999
14453,LIGHT_GRAY_CONCRETE,minecraft,light.gra.co,true,true,true,999999999999
21589,LIGHT_GRAY_CONCRETE_POWDER,minecraft,light.gra.c1,true,true,true,999999999999
27643,LIGHT_GRAY_DYE,minecraft,light.gra.dy,true,true,true,999999999999
10707,LIGHT_GRAY_GLAZED_TERRACOTTA,minecraft,light.gra.gl,true,true,true,999999999999
21345,LIGHT_GRAY_SHULKER_BOX,minecraft,light.gra.sh,true,true,true,999999999999
5843,LIGHT_GRAY_STAINED_GLASS,minecraft,light.gra.st,true,true,true,999999999999
19008,LIGHT_GRAY_STAINED_GLASS_PANE,minecraft,light.gra.s1,true,true,true,999999999999
26388,LIGHT_GRAY_TERRACOTTA,minecraft,light.gra.te,true,true,true,999999999999
22936,LIGHT_GRAY_WOOL,minecraft,light.gra.wo,true,true,true,999999999999
14875,LIGHT_WEIGHTED_PRESSURE_PLATE,minecraft,light.wei.pr,true,true,true,999999999999
22837,LILAC,minecraft,lilac,true,true,true,999999999999
19271,LILY_PAD,minecraft,lily.pad,true,true,true,999999999999
18887,LIME_BANNER,minecraft,lime.banner,true,true,true,999999999999
27860,LIME_BED,minecraft,lime.bed,true,true,true,999999999999
15443,LIME_CARPET,minecraft,lime.carpet,true,true,true,999999999999
5863,LIME_CONCRETE,minecraft,lime.concret,true,true,true,999999999999
28859,LIME_CONCRETE_POWDER,minecraft,lime.con.pow,true,true,true,999999999999
6147,LIME_DYE,minecraft,lime.dye,true,true,true,999999999999
13861,LIME_GLAZED_TERRACOTTA,minecraft,lime.gla.ter,true,true,true,999999999999
28360,LIME_SHULKER_BOX,minecraft,lime.shu.box,true,true,true,999999999999
24266,LIME_STAINED_GLASS,minecraft,lime.sta.gla,true,true,true,999999999999
10610,LIME_STAINED_GLASS_PANE,minecraft,lime.sta.gl1,true,true,true,999999999999
24013,LIME_TERRACOTTA,minecraft,lime.terraco,true,true,true,999999999999
10443,LIME_WOOL,minecraft,lime.wool,true,true,true,999999999999
25857,LINGERING_POTION,minecraft,lingering.po,true,true,true,999999999999
23640,LLAMA_SPAWN_EGG,minecraft,llama.spa.eg,true,true,true,999999999999
15591,MAGENTA_BANNER,minecraft,magenta.bann,true,true,true,999999999999
20061,MAGENTA_BED,minecraft,magenta.bed,true,true,true,999999999999
6180,MAGENTA_CARPET,minecraft,magenta.carp,true,true,true,999999999999
20591,MAGENTA_CONCRETE,minecraft,magenta.conc,true,true,true,999999999999
8272,MAGENTA_CONCRETE_POWDER,minecraft,magenta.conp,true,true,true,999999999999
11788,MAGENTA_DYE,minecraft,magenta.dye,true,true,true,999999999999
8067,MAGENTA_GLAZED_TERRACOTTA,minecraft,magenta.glat,true,true,true,999999999999
21566,MAGENTA_SHULKER_BOX,minecraft,magenta.shub,true,true,true,999999999999
26814,MAGENTA_STAINED_GLASS,minecraft,magenta.stag,true,true,true,999999999999
14082,MAGENTA_STAINED_GLASS_PANE,minecraft,magenta.sta1,true,true,true,999999999999
25900,MAGENTA_TERRACOTTA,minecraft,magenta.terr,true,true,true,999999999999
11853,MAGENTA_WOOL,minecraft,magenta.wool,true,true,true,999999999999
25927,MAGMA_BLOCK,minecraft,magma.block,true,true,true,999999999999
25097,MAGMA_CREAM,minecraft,magma.cream,true,true,true,999999999999
26638,MAGMA_CUBE_SPAWN_EGG,minecraft,magma.cub.sp,true,true,true,999999999999
21655,MAP,minecraft,map,true,true,true,999999999999
25172,MELON,minecraft,melon,true,true,true,999999999999
18340,MELON_SEEDS,minecraft,melon.seeds,true,true,true,999999999999
5347,MELON_SLICE,minecraft,melon.slice,true,true,true,999999999999
9680,MILK_BUCKET,minecraft,milk.bucket,true,true,true,999999999999
14352,MINECART,minecraft,minecart,true,true,true,999999999999
22125,MOOSHROOM_SPAWN_EGG,minecraft,mooshroom.sp,true,true,true,999999999999
21900,MOSSY_COBBLESTONE,minecraft,mossy.cobble,true,true,true,999999999999
11536,MOSSY_COBBLESTONE_WALL,minecraft,mossy.cob.wa,true,true,true,999999999999
16415,MOSSY_STONE_BRICKS,minecraft,mossy.sto.br,true,true,true,999999999999
11229,MULE_SPAWN_EGG,minecraft,mule.spa.egg,true,true,true,999999999999
16543,MUSHROOM_STEM,minecraft,mushroom.ste,true,true,true,999999999999
16336,MUSHROOM_STEW,minecraft,mushroom.st1,true,true,true,999999999999
27426,MUSIC_DISC_11,minecraft,music.dis.11,true,true,true,999999999999
16359,MUSIC_DISC_13,minecraft,music.dis.13,true,true,true,999999999999
26667,MUSIC_DISC_BLOCKS,minecraft,music.dis.bl,true,true,true,999999999999
16246,MUSIC_DISC_CAT,minecraft,music.dis.ca,true,true,true,999999999999
19436,MUSIC_DISC_CHIRP,minecraft,music.dis.ch,true,true,true,999999999999
13823,MUSIC_DISC_FAR,minecraft,music.dis.fa,true,true,true,999999999999
11517,MUSIC_DISC_MALL,minecraft,music.dis.ma,true,true,true,999999999999
26117,MUSIC_DISC_MELLOHI,minecraft,music.dis.me,true,true,true,999999999999
14989,MUSIC_DISC_STAL,minecraft,music.dis.st,true,true,true,999999999999
16785,MUSIC_DISC_STRAD,minecraft,music.dis.s1,true,true,true,999999999999
26499,MUSIC_DISC_WAIT,minecraft,music.dis.wa,true,true,true,999999999999
24026,MUSIC_DISC_WARD,minecraft,music.dis.w1,true,true,true,999999999999
4792,MUTTON,minecraft,mutton,true,true,true,999999999999
9913,MYCELIUM,minecraft,mycelium,true,true,true,999999999999
30731,NAME_TAG,minecraft,name.tag,true,true,true,999999999999
19989,NAUTILUS_SHELL,minecraft,nautilus.she,true,true,true,999999999999
23425,NETHERRACK,minecraft,netherrack,true,true,true,999999999999
19996,NETHER_BRICK,minecraft,nether.brick,true,true,true,999999999999
27802,NETHER_BRICKS,minecraft,nether.bric1,true,true,true,999999999999
5286,NETHER_BRICK_FENCE,minecraft,nether.bri.f,true,true,true,999999999999
26586,NETHER_BRICK_SLAB,minecraft,nether.bri.s,true,true,true,999999999999
12085,NETHER_BRICK_STAIRS,minecraft,nether.bri.1,true,true,true,999999999999
4807,NETHER_QUARTZ_ORE,minecraft,nether.qua.o,true,true,true,999999999999
12469,NETHER_STAR,minecraft,nether.star,true,true,true,999999999999
29227,NETHER_WART,minecraft,nether.wart,true,true,true,999999999999
15486,NETHER_WART_BLOCK,minecraft,nether.war.b,true,true,true,999999999999
20979,NOTE_BLOCK,minecraft,note.block,true,true,true,999999999999
17570,OAK_BOAT,minecraft,oak.boat,true,true,true,999999999999
13510,OAK_BUTTON,minecraft,oak.button,true,true,true,999999999999
20341,OAK_DOOR,minecraft,oak.door,true,true,true,999999999999
6442,OAK_FENCE,minecraft,oak.fence,true,true,true,999999999999
16689,OAK_FENCE_GATE,minecraft,oak.fen.gate,true,true,true,999999999999
4385,OAK_LEAVES,minecraft,oak.leaves,true,true,true,999999999999
26723,OAK_LOG,minecraft,oak.log,true,true,true,999999999999
14905,OAK_PLANKS,minecraft,oak.planks,true,true,true,999999999999
20108,OAK_PRESSURE_PLATE,minecraft,oak.pre.plat,true,true,true,999999999999
9636,OAK_SAPLING,minecraft,oak.sapling,true,true,true,999999999999
12002,OAK_SLAB,minecraft,oak.slab,true,true,true,999999999999
5449,OAK_STAIRS,minecraft,oak.stairs,true,true,true,999999999999
16927,OAK_TRAPDOOR,minecraft,oak.trapdoor,true,true,true,999999999999
7378,OAK_WOOD,minecraft,oak.wood,true,true,true,999999999999
10726,OBSERVER,minecraft,observer,true,true,true,999999999999
32723,OBSIDIAN,minecraft,obsidian,true,true,true,999999999999
30080,OCELOT_SPAWN_EGG,minecraft,ocelot.spa.e,true,true,true,999999999999
4839,ORANGE_BANNER,minecraft,orange.banne,true,true,true,999999999999
11194,ORANGE_BED,minecraft,orange.bed,true,true,true,999999999999
24752,ORANGE_CARPET,minecraft,orange.carpe,true,true,true,999999999999
19914,ORANGE_CONCRETE,minecraft,orange.concr,true,true,true,999999999999
30159,ORANGE_CONCRETE_POWDER,minecraft,orange.con.p,true,true,true,999999999999
13866,ORANGE_DYE,minecraft,orange.dye,true,true,true,999999999999
27451,ORANGE_GLAZED_TERRACOTTA,minecraft,orange.gla.t,true,true,true,999999999999
21673,ORANGE_SHULKER_BOX,minecraft,orange.shu.b,true,true,true,999999999999
25142,ORANGE_STAINED_GLASS,minecraft,orange.sta.g,true,true,true,999999999999
21089,ORANGE_STAINED_GLASS_PANE,minecraft,orange.sta.1,true,true,true,999999999999
18684,ORANGE_TERRACOTTA,minecraft,orange.terra,true,true,true,999999999999
26038,ORANGE_TULIP,minecraft,orange.tulip,true,true,true,999999999999
23957,ORANGE_WOOL,minecraft,orange.wool,true,true,true,999999999999
11709,OXEYE_DAISY,minecraft,oxeye.daisy,true,true,true,999999999999
28993,PACKED_ICE,minecraft,packed.ice,true,true,true,999999999999
23945,PAINTING,minecraft,painting,true,true,true,999999999999
9923,PAPER,minecraft,paper,true,true,true,999999999999
23614,PARROT_SPAWN_EGG,minecraft,parrot.spa.e,true,true,true,999999999999
21155,PEONY,minecraft,peony,true,true,true,999999999999
18658,PETRIFIED_OAK_SLAB,minecraft,petrified.oa,true,true,true,999999999999
18398,PHANTOM_MEMBRANE,minecraft,phantom.memb,true,true,true,999999999999
24648,PHANTOM_SPAWN_EGG,minecraft,phantom.spae,true,true,true,999999999999
22584,PIG_SPAWN_EGG,minecraft,pig.spa.egg,true,true,true,999999999999
19439,PINK_BANNER,minecraft,pink.banner,true,true,true,999999999999
13795,PINK_BED,minecraft,pink.bed,true,true,true,999999999999
30186,PINK_CARPET,minecraft,pink.carpet,true,true,true,999999999999
5227,PINK_CONCRETE,minecraft,pink.concret,true,true,true,999999999999
6421,PINK_CONCRETE_POWDER,minecraft,pink.con.pow,true,true,true,999999999999
31151,PINK_DYE,minecraft,pink.dye,true,true,true,999999999999
10260,PINK_GLAZED_TERRACOTTA,minecraft,pink.gla.ter,true,true,true,999999999999
24968,PINK_SHULKER_BOX,minecraft,pink.shu.box,true,true,true,999999999999
16164,PINK_STAINED_GLASS,minecraft,pink.sta.gla,true,true,true,999999999999
24637,PINK_STAINED_GLASS_PANE,minecraft,pink.sta.gl1,true,true,true,999999999999
23727,PINK_TERRACOTTA,minecraft,pink.terraco,true,true,true,999999999999
27319,PINK_TULIP,minecraft,pink.tulip,true,true,true,999999999999
7611,PINK_WOOL,minecraft,pink.wool,true,true,true,999999999999
21130,PISTON,minecraft,piston,true,true,true,999999999999
21174,PLAYER_HEAD,minecraft,player.head,true,true,true,999999999999
24068,PODZOL,minecraft,podzol,true,true,true,999999999999
32640,POISONOUS_POTATO,minecraft,poisonous.po,true,true,true,999999999999
17015,POLAR_BEAR_SPAWN_EGG,minecraft,polar.bea.sp,true,true,true,999999999999
8335,POLISHED_ANDESITE,minecraft,polished.and,true,true,true,999999999999
31615,POLISHED_DIORITE,minecraft,polished.dio,true,true,true,999999999999
5477,POLISHED_GRANITE,minecraft,polished.gra,true,true,true,999999999999
27844,POPPED_CHORUS_FRUIT,minecraft,popped.cho.f,true,true,true,999999999999
12851,POPPY,minecraft,poppy,true,true,true,999999999999
30896,PORKCHOP,minecraft,porkchop,true,true,true,999999999999
21088,POTATO,minecraft,potato,true,true,true,999999999999
24020,POTION,minecraft,potion,true,true,true,999999999999
11064,POWERED_RAIL,minecraft,powered.rail,true,true,true,999999999999
7539,PRISMARINE,minecraft,prismarine,true,true,true,999999999999
29118,PRISMARINE_BRICKS,minecraft,prismarine.b,true,true,true,999999999999
26672,PRISMARINE_BRICK_SLAB,minecraft,prismarine.1,true,true,true,999999999999
15445,PRISMARINE_BRICK_STAIRS,minecraft,prismarine.2,true,true,true,999999999999
31546,PRISMARINE_CRYSTALS,minecraft,prismarine.c,true,true,true,999999999999
10993,PRISMARINE_SHARD,minecraft,prismarine.s,true,true,true,999999999999
31323,PRISMARINE_SLAB,minecraft,prismarine.3,true,true,true,999999999999
19217,PRISMARINE_STAIRS,minecraft,prismarine.4,true,true,true,999999999999
8115,PUFFERFISH,minecraft,pufferfish,true,true,true,999999999999
8861,PUFFERFISH_BUCKET,minecraft,pufferfish.b,true,true,true,999999999999
24573,PUFFERFISH_SPAWN_EGG,minecraft,pufferfish.s,true,true,true,999999999999
19170,PUMPKIN,minecraft,pumpkin,true,true,true,999999999999
28725,PUMPKIN_PIE,minecraft,pumpkin.pie,true,true,true,999999999999
28985,PUMPKIN_SEEDS,minecraft,pumpkin.seed,true,true,true,999999999999
29027,PURPLE_BANNER,minecraft,purple.banne,true,true,true,999999999999
29755,PURPLE_BED,minecraft,purple.bed,true,true,true,999999999999
5574,PURPLE_CARPET,minecraft,purple.carpe,true,true,true,999999999999
20623,PURPLE_CONCRETE,minecraft,purple.concr,true,true,true,999999999999
26808,PURPLE_CONCRETE_POWDER,minecraft,purple.con.p,true,true,true,999999999999
6347,PURPLE_DYE,minecraft,purple.dye,true,true,true,999999999999
4818,PURPLE_GLAZED_TERRACOTTA,minecraft,purple.gla.t,true,true,true,999999999999
10373,PURPLE_SHULKER_BOX,minecraft,purple.shu.b,true,true,true,999999999999
21845,PURPLE_STAINED_GLASS,minecraft,purple.sta.g,true,true,true,999999999999
10948,PURPLE_STAINED_GLASS_PANE,minecraft,purple.sta.1,true,true,true,999999999999
10387,PURPLE_TERRACOTTA,minecraft,purple.terra,true,true,true,999999999999
11922,PURPLE_WOOL,minecraft,purple.wool,true,true,true,999999999999
7538,PURPUR_BLOCK,minecraft,purpur.block,true,true,true,999999999999
26718,PURPUR_PILLAR,minecraft,purpur.pilla,true,true,true,999999999999
11487,PURPUR_SLAB,minecraft,purpur.slab,true,true,true,999999999999
8921,PURPUR_STAIRS,minecraft,purpur.stair,true,true,true,999999999999
23608,QUARTZ,minecraft,quartz,true,true,true,999999999999
11987,QUARTZ_BLOCK,minecraft,quartz.block,true,true,true,999999999999
16452,QUARTZ_PILLAR,minecraft,quartz.pilla,true,true,true,999999999999
4423,QUARTZ_SLAB,minecraft,quartz.slab,true,true,true,999999999999
24079,QUARTZ_STAIRS,minecraft,quartz.stair,true,true,true,999999999999
23068,RABBIT,minecraft,rabbit,true,true,true,999999999999
13864,RABBIT_FOOT,minecraft,rabbit.foot,true,true,true,999999999999
12467,RABBIT_HIDE,minecraft,rabbit.hide,true,true,true,999999999999
26496,RABBIT_SPAWN_EGG,minecraft,rabbit.spa.e,true,true,true,999999999999
10611,RABBIT_STEW,minecraft,rabbit.stew,true,true,true,999999999999
13285,RAIL,minecraft,rail,true,true,true,999999999999
11233,REDSTONE,minecraft,redstone,true,true,true,999999999999
19496,REDSTONE_BLOCK,minecraft,redstone.blo,true,true,true,999999999999
8217,REDSTONE_LAMP,minecraft,redstone.lam,true,true,true,999999999999
10887,REDSTONE_ORE,minecraft,redstone.ore,true,true,true,999999999999
22547,REDSTONE_TORCH,minecraft,redstone.tor,true,true,true,999999999999
26961,RED_BANNER,minecraft,red.banner,true,true,true,999999999999
30910,RED_BED,minecraft,red.bed,true,true,true,999999999999
5424,RED_CARPET,minecraft,red.carpet,true,true,true,999999999999
8032,RED_CONCRETE,minecraft,red.concrete,true,true,true,999999999999
13286,RED_CONCRETE_POWDER,minecraft,red.con.powd,true,true,true,999999999999
24989,RED_GLAZED_TERRACOTTA,minecraft,red.gla.terr,true,true,true,999999999999
19728,RED_MUSHROOM,minecraft,red.mushroom,true,true,true,999999999999
20766,RED_MUSHROOM_BLOCK,minecraft,red.mus.bloc,true,true,true,999999999999
18056,RED_NETHER_BRICKS,minecraft,red.net.bric,true,true,true,999999999999
16279,RED_SAND,minecraft,red.sand,true,true,true,999999999999
9092,RED_SANDSTONE,minecraft,red.sandston,true,true,true,999999999999
17550,RED_SANDSTONE_SLAB,minecraft,red.san.slab,true,true,true,999999999999
25466,RED_SANDSTONE_STAIRS,minecraft,red.san.stai,true,true,true,999999999999
32448,RED_SHULKER_BOX,minecraft,red.shu.box,true,true,true,999999999999
9717,RED_STAINED_GLASS,minecraft,red.sta.glas,true,true,true,999999999999
8630,RED_STAINED_GLASS_PANE,minecraft,red.sta.glap,true,true,true,999999999999
5086,RED_TERRACOTTA,minecraft,red.terracot,true,true,true,999999999999
16781,RED_TULIP,minecraft,red.tulip,true,true,true,999999999999
11621,RED_WOOL,minecraft,red.wool,true,true,true,999999999999
28823,REPEATER,minecraft,repeater,true,true,true,999999999999
12405,REPEATING_COMMAND_BLOCK,minecraft,repeating.co,true,true,true,999999999999
6080,ROSE_BUSH,minecraft,rose.bush,true,true,true,999999999999
15694,ROSE_RED,minecraft,rose.red,true,true,true,999999999999
21591,ROTTEN_FLESH,minecraft,rotten.flesh,true,true,true,999999999999
30206,SADDLE,minecraft,saddle,true,true,true,999999999999
18516,SALMON,minecraft,salmon,true,true,true,999999999999
31427,SALMON_BUCKET,minecraft,salmon.bucke,true,true,true,999999999999
18739,SALMON_SPAWN_EGG,minecraft,salmon.spa.e,true,true,true,999999999999
11542,SAND,minecraft,sand,true,true,true,999999999999
13141,SANDSTONE,minecraft,sandstone,true,true,true,999999999999
29830,SANDSTONE_SLAB,minecraft,sandstone.sl,true,true,true,999999999999
18474,SANDSTONE_STAIRS,minecraft,sandstone.st,true,true,true,999999999999
11914,SCUTE,minecraft,scute,true,true,true,999999999999
23942,SEAGRASS,minecraft,seagrass,true,true,true,999999999999
16984,SEA_LANTERN,minecraft,sea.lantern,true,true,true,999999999999
19562,SEA_PICKLE,minecraft,sea.pickle,true,true,true,999999999999
27971,SHEARS,minecraft,shears,true,true,true,999999999999
24488,SHEEP_SPAWN_EGG,minecraft,sheep.spa.eg,true,true,true,999999999999
29943,SHIELD,minecraft,shield,true,true,true,999999999999
7776,SHULKER_BOX,minecraft,shulker.box,true,true,true,999999999999
27848,SHULKER_SHELL,minecraft,shulker.shel,true,true,true,999999999999
31848,SHULKER_SPAWN_EGG,minecraft,shulker.spae,true,true,true,999999999999
16918,SIGN,minecraft,sign,true,true,true,999999999999
14537,SILVERFISH_SPAWN_EGG,minecraft,silverfish.s,true,true,true,999999999999
21356,SKELETON_HORSE_SPAWN_EGG,minecraft,skeleton.hor,true,true,true,999999999999
13270,SKELETON_SKULL,minecraft,skeleton.sku,true,true,true,999999999999
15261,SKELETON_SPAWN_EGG,minecraft,skeleton.spa,true,true,true,999999999999
5242,SLIME_BALL,minecraft,slime.ball,true,true,true,999999999999
31892,SLIME_BLOCK,minecraft,slime.block,true,true,true,999999999999
6550,SLIME_SPAWN_EGG,minecraft,slime.spa.eg,true,true,true,999999999999
14415,SMOOTH_QUARTZ,minecraft,smooth.quart,true,true,true,999999999999
25180,SMOOTH_RED_SANDSTONE,minecraft,smooth.red.s,true,true,true,999999999999
30039,SMOOTH_SANDSTONE,minecraft,smooth.sands,true,true,true,999999999999
21910,SMOOTH_STONE,minecraft,smooth.stone,true,true,true,999999999999
14146,SNOW,minecraft,snow,true,true,true,999999999999
19487,SNOWBALL,minecraft,snowball,true,true,true,999999999999
19913,SNOW_BLOCK,minecraft,snow.block,true,true,true,999999999999
16841,SOUL_SAND,minecraft,soul.sand,true,true,true,999999999999
7018,SPAWNER,minecraft,spawner,true,true,true,999999999999
4568,SPECTRAL_ARROW,minecraft,spectral.arr,true,true,true,999999999999
9318,SPIDER_EYE,minecraft,spider.eye,true,true,true,999999999999
14984,SPIDER_SPAWN_EGG,minecraft,spider.spa.e,true,true,true,999999999999
30248,SPLASH_POTION,minecraft,splash.potio,true,true,true,999999999999
15860,SPONGE,minecraft,sponge,true,true,true,999999999999
9606,SPRUCE_BOAT,minecraft,spruce.boat,true,true,true,999999999999
23281,SPRUCE_BUTTON,minecraft,spruce.butto,true,true,true,999999999999
10642,SPRUCE_DOOR,minecraft,spruce.door,true,true,true,999999999999
25416,SPRUCE_FENCE,minecraft,spruce.fence,true,true,true,999999999999
26423,SPRUCE_FENCE_GATE,minecraft,spruce.fen.g,true,true,true,999999999999
20039,SPRUCE_LEAVES,minecraft,spruce.leave,true,true,true,999999999999
9726,SPRUCE_LOG,minecraft,spruce.log,true,true,true,999999999999
14593,SPRUCE_PLANKS,minecraft,spruce.plank,true,true,true,999999999999
15932,SPRUCE_PRESSURE_PLATE,minecraft,spruce.pre.p,true,true,true,999999999999
19874,SPRUCE_SAPLING,minecraft,spruce.sapli,true,true,true,999999999999
4348,SPRUCE_SLAB,minecraft,spruce.slab,true,true,true,999999999999
11192,SPRUCE_STAIRS,minecraft,spruce.stair,true,true,true,999999999999
10289,SPRUCE_TRAPDOOR,minecraft,spruce.trapd,true,true,true,999999999999
32328,SPRUCE_WOOD,minecraft,spruce.wood,true,true,true,999999999999
10682,SQUID_SPAWN_EGG,minecraft,squid.spa.eg,true,true,true,999999999999
9773,STICK,minecraft,stick,true,true,true,999999999999
18127,STICKY_PISTON,minecraft,sticky.pisto,true,true,true,999999999999
22948,STONE,minecraft,stone,true,true,true,999999999999
6338,STONE_AXE,minecraft,stone.axe,true,true,true,999999999999
6962,STONE_BRICKS,minecraft,stone.bricks,true,true,true,999999999999
19676,STONE_BRICK_SLAB,minecraft,stone.bri.sl,true,true,true,999999999999
27032,STONE_BRICK_STAIRS,minecraft,stone.bri.st,true,true,true,999999999999
12279,STONE_BUTTON,minecraft,stone.button,true,true,true,999999999999
22855,STONE_HOE,minecraft,stone.hoe,true,true,true,999999999999
14611,STONE_PICKAXE,minecraft,stone.pickax,true,true,true,999999999999
22591,STONE_PRESSURE_PLATE,minecraft,stone.pre.pl,true,true,true,999999999999
9520,STONE_SHOVEL,minecraft,stone.shovel,true,true,true,999999999999
19838,STONE_SLAB,minecraft,stone.slab,true,true,true,999999999999
25084,STONE_SWORD,minecraft,stone.sword,true,true,true,999999999999
30153,STRAY_SPAWN_EGG,minecraft,stray.spa.eg,true,true,true,999999999999
12806,STRING,minecraft,string,true,true,true,999999999999
18167,STRIPPED_ACACIA_LOG,minecraft,stripped.aca,true,true,true,999999999999
27193,STRIPPED_ACACIA_WOOD,minecraft,stripped.ac1,true,true,true,999999999999
8838,STRIPPED_BIRCH_LOG,minecraft,stripped.bir,true,true,true,999999999999
22350,STRIPPED_BIRCH_WOOD,minecraft,stripped.bi1,true,true,true,999999999999
6492,STRIPPED_DARK_OAK_LOG,minecraft,stripped.dar,true,true,true,999999999999
16000,STRIPPED_DARK_OAK_WOOD,minecraft,stripped.da1,true,true,true,999999999999
15476,STRIPPED_JUNGLE_LOG,minecraft,stripped.jun,true,true,true,999999999999
30315,STRIPPED_JUNGLE_WOOD,minecraft,stripped.ju1,true,true,true,999999999999
20523,STRIPPED_OAK_LOG,minecraft,stripped.oak,true,true,true,999999999999
31455,STRIPPED_OAK_WOOD,minecraft,stripped.oa1,true,true,true,999999999999
6140,STRIPPED_SPRUCE_LOG,minecraft,stripped.spr,true,true,true,999999999999
6467,STRIPPED_SPRUCE_WOOD,minecraft,stripped.sp1,true,true,true,999999999999
26831,STRUCTURE_BLOCK,minecraft,structure.bl,true,true,true,999999999999
30806,STRUCTURE_VOID,minecraft,structure.vo,true,true,true,999999999999
30638,SUGAR,minecraft,sugar,true,true,true,999999999999
7726,SUGAR_CANE,minecraft,sugar.cane,true,true,true,999999999999
7408,SUNFLOWER,minecraft,sunflower,true,true,true,999999999999
21559,TALL_GRASS,minecraft,tall.grass,true,true,true,999999999999
16544,TERRACOTTA,minecraft,terracotta,true,true,true,999999999999
25164,TIPPED_ARROW,minecraft,tipped.arrow,true,true,true,999999999999
7896,TNT,minecraft,tnt,true,true,true,999999999999
4277,TNT_MINECART,minecraft,tnt.minecart,true,true,true,999999999999
6063,TORCH,minecraft,torch,true,true,true,999999999999
10139,TOTEM_OF_UNDYING,minecraft,totem.of.und,true,true,true,999999999999
18970,TRAPPED_CHEST,minecraft,trapped.ches,true,true,true,999999999999
7534,TRIDENT,minecraft,trident,true,true,true,999999999999
8130,TRIPWIRE_HOOK,minecraft,tripwire.hoo,true,true,true,999999999999
24879,TROPICAL_FISH,minecraft,tropical.fis,true,true,true,999999999999
29995,TROPICAL_FISH_BUCKET,minecraft,tropical.fi1,true,true,true,999999999999
19713,TROPICAL_FISH_SPAWN_EGG,minecraft,tropical.fi2,true,true,true,999999999999
23048,TUBE_CORAL,minecraft,tube.coral,true,true,true,999999999999
23723,TUBE_CORAL_BLOCK,minecraft,tube.cor.blo,true,true,true,999999999999
19929,TUBE_CORAL_FAN,minecraft,tube.cor.fan,true,true,true,999999999999
32101,TURTLE_EGG,minecraft,turtle.egg,true,true,true,999999999999
30120,TURTLE_HELMET,minecraft,turtle.helme,true,true,true,999999999999
17324,TURTLE_SPAWN_EGG,minecraft,turtle.spa.e,true,true,true,999999999999
27751,VEX_SPAWN_EGG,minecraft,vex.spa.egg,true,true,true,999999999999
30348,VILLAGER_SPAWN_EGG,minecraft,villager.spa,true,true,true,999999999999
25324,VINDICATOR_SPAWN_EGG,minecraft,vindicator.s,true,true,true,999999999999
14564,VINE,minecraft,vine,true,true,true,999999999999
8802,WATER_BUCKET,minecraft,water.bucket,true,true,true,999999999999
9043,WET_SPONGE,minecraft,wet.sponge,true,true,true,999999999999
27709,WHEAT,minecraft,wheat,true,true,true,999999999999
28742,WHEAT_SEEDS,minecraft,wheat.seeds,true,true,true,999999999999
17562,WHITE_BANNER,minecraft,white.banner,true,true,true,999999999999
8185,WHITE_BED,minecraft,white.bed,true,true,true,999999999999
15117,WHITE_CARPET,minecraft,white.carpet,true,true,true,999999999999
6281,WHITE_CONCRETE,minecraft,white.concre,true,true,true,999999999999
10363,WHITE_CONCRETE_POWDER,minecraft,white.con.po,true,true,true,999999999999
11326,WHITE_GLAZED_TERRACOTTA,minecraft,white.gla.te,true,true,true,999999999999
31750,WHITE_SHULKER_BOX,minecraft,white.shu.bo,true,true,true,999999999999
31190,WHITE_STAINED_GLASS,minecraft,white.sta.gl,true,true,true,999999999999
10557,WHITE_STAINED_GLASS_PANE,minecraft,white.sta.g1,true,true,true,999999999999
20975,WHITE_TERRACOTTA,minecraft,white.terrac,true,true,true,999999999999
9742,WHITE_TULIP,minecraft,white.tulip,true,true,true,999999999999
8624,WHITE_WOOL,minecraft,white.wool,true,true,true,999999999999
11837,WITCH_SPAWN_EGG,minecraft,witch.spa.eg,true,true,true,999999999999
31487,WITHER_SKELETON_SKULL,minecraft,wither.ske.s,true,true,true,999999999999
10073,WITHER_SKELETON_SPAWN_EGG,minecraft,wither.ske.1,true,true,true,999999999999
21692,WOLF_SPAWN_EGG,minecraft,wolf.spa.egg,true,true,true,999999999999
6292,WOODEN_AXE,minecraft,wooden.axe,true,true,true,999999999999
16043,WOODEN_HOE,minecraft,wooden.hoe,true,true,true,999999999999
12792,WOODEN_PICKAXE,minecraft,wooden.picka,true,true,true,999999999999
28432,WOODEN_SHOVEL,minecraft,wooden.shove,true,true,true,999999999999
7175,WOODEN_SWORD,minecraft,wooden.sword,true,true,true,999999999999
13393,WRITABLE_BOOK,minecraft,writable.boo,true,true,true,999999999999
24164,WRITTEN_BOOK,minecraft,written.book,true,true,true,999999999999
30382,YELLOW_BANNER,minecraft,yellow.banne,true,true,true,999999999999
30410,YELLOW_BED,minecraft,yellow.bed,true,true,true,999999999999
18149,YELLOW_CARPET,minecraft,yellow.carpe,true,true,true,999999999999
15722,YELLOW_CONCRETE,minecraft,yellow.concr,true,true,true,999999999999
10655,YELLOW_CONCRETE_POWDER,minecraft,yellow.con.p,true,true,true,999999999999
10914,YELLOW_GLAZED_TERRACOTTA,minecraft,yellow.gla.t,true,true,true,999999999999
28700,YELLOW_SHULKER_BOX,minecraft,yellow.shu.b,true,true,true,999999999999
12182,YELLOW_STAINED_GLASS,minecraft,yellow.sta.g,true,true,true,999999999999
20298,YELLOW_STAINED_GLASS_PANE,minecraft,yellow.sta.1,true,true,true,999999999999
32129,YELLOW_TERRACOTTA,minecraft,yellow.terra,true,true,true,999999999999
29507,YELLOW_WOOL,minecraft,yellow.wool,true,true,true,999999999999
9304,ZOMBIE_HEAD,minecraft,zombie.head,true,true,true,999999999999
4275,ZOMBIE_HORSE_SPAWN_EGG,minecraft,zombie.hor.s,true,true,true,999999999999
11531,ZOMBIE_PIGMAN_SPAWN_EGG,minecraft,zombie.pig.s,true,true,true,999999999999
5814,ZOMBIE_SPAWN_EGG,minecraft,zombie.spa.e,true,true,true,999999999999
10311,ZOMBIE_VILLAGER_SPAWN_EGG,minecraft,zombie.vil.s,true,true,true,999999999999
